customer_id,first_name,last_name,gender,age,city,state,country,annual_income,customer_segment,account_open_date,risk_score,preferred_spending_min,preferred_spending_max,preferred_city,preferred_country,trusted_device_id,card_number,card_type
CUST000001,Unnati,Wason,Other,68,Mumbai,Maharashtra,India,428769.06,Regular,2022-07-15,40,8575.38,34301.52,Mumbai,India,DEV0001,4321819600133898,Amex
CUST000002,Qabil,Aggarwal,Male,56,Ahmedabad,Gujarat,India,776129.8,Regular,2023-10-05,16,15522.6,62090.38,Ahmedabad,India,DEV0002,5026542351161551,Visa
CUST000003,Krishna,Rau,Other,21,Ahmedabad,Gujarat,India,882525.25,Regular,2022-01-29,48,17650.5,70602.02,Ahmedabad,India,DEV0003,5618495931034137,RuPay
CUST000004,Lakshmi,Varughese,Female,71,Kolkata,West Bengal,India,480925.96,Regular,2023-08-15,51,9618.52,38474.08,Kolkata,India,DEV0004,4419283276483507,RuPay
CUST000005,Aahana,Prabhakar,Female,41,Chennai,Tamil Nadu,India,843538.48,Regular,2020-08-25,5,16870.77,67483.08,Chennai,India,DEV0005,5953767242388491,RuPay
CUST000006,Aryan,Chahal,Male,50,Bengaluru,Karnataka,India,309091.12,Regular,2024-09-04,11,6181.82,24727.29,Bengaluru,India,DEV0006,4012269166978488,RuPay
CUST000007,Varenya,Vora,Other,25,Kolkata,West Bengal,India,532597.41,Regular,2019-01-28,37,10651.95,42607.79,Kolkata,India,DEV0007,4704828148932520,RuPay
CUST000008,Chasmum,Setty,Female,36,Delhi,Delhi,India,485937.5,Regular,2026-07-07,29,9718.75,38875.0,Delhi,India,DEV0008,5430391171822783,Amex
CUST000009,Banjeet,Mody,Male,70,Hyderabad,Telangana,India,1538387.68,Gold,2019-12-27,34,76919.38,230758.15,Hyderabad,India,DEV0009,4578713315098399,Visa
CUST000010,Diya,Kar,Other,36,London,England,United Kingdom,838523.01,Regular,2021-10-30,19,16770.46,67081.84,London,United Kingdom,DEV0010,4518347382997373,Visa
CUST000011,Yagnesh,Jani,Male,72,Pune,Maharashtra,India,517216.48,Regular,2019-06-17,50,10344.33,41377.32,Pune,India,DEV0011,5010651333872621,Mastercard
CUST000012,Harish,Sankar,Male,51,Ahmedabad,Gujarat,India,7207817.91,Platinum,2026-06-24,49,576625.43,1585719.94,Ahmedabad,India,DEV0012,4108013267736026,Amex
CUST000013,Vidhi,Bhatia,Female,62,Ahmedabad,Gujarat,India,702784.48,Regular,2021-11-07,36,14055.69,56222.76,Ahmedabad,India,DEV0013,4872343098050098,Visa
CUST000014,Vidhi,Grover,Other,36,Mumbai,Maharashtra,India,2876867.33,Platinum,2026-06-03,55,230149.39,632910.81,Mumbai,India,DEV0014,5136193990916991,RuPay
CUST000015,Lucky,Sethi,Male,46,Kolkata,West Bengal,India,507260.8,Regular,2020-12-16,43,10145.22,40580.86,Kolkata,India,DEV0015,5475107991183849,Visa
CUST000016,Bachittar,Nori,Male,55,Kolkata,West Bengal,India,534819.97,Regular,2025-08-21,19,10696.4,42785.6,Kolkata,India,DEV0016,5849808412411820,Mastercard
CUST000017,Priya,Raju,Other,72,Kolkata,West Bengal,India,662254.67,Regular,2021-09-23,41,13245.09,52980.37,Kolkata,India,DEV0017,5487401640052429,Visa
CUST000018,Rudra,Korpal,Male,57,Mumbai,Maharashtra,India,3918568.68,Corporate,2023-11-24,17,391856.87,1175570.6,Mumbai,India,DEV0018,4280598262045050,Visa
CUST000019,Priya,Shroff,Female,55,Pune,Maharashtra,India,4123171.64,Corporate,2019-07-09,50,412317.16,1236951.49,Pune,India,DEV0019,4322602563421601,Mastercard
CUST000020,Yashawini,Maharaj,Female,59,Singapore,Singapore,Singapore,766974.57,Regular,2020-11-04,34,15339.49,61357.97,Singapore,Singapore,DEV0020,4330365414586859,RuPay
CUST000021,Kabir,Pradhan,Male,55,Chennai,Tamil Nadu,India,637771.32,Regular,2023-10-09,31,12755.43,51021.71,Chennai,India,DEV0021,4556981693406084,RuPay
CUST000022,Rachana,Pradhan,Female,60,Mumbai,Maharashtra,India,4722698.0,Corporate,2025-05-20,22,472269.8,1416809.4,Mumbai,India,DEV0022,4951484656482369,RuPay
CUST000023,Ikshita,Barad,Female,71,Delhi,Delhi,India,386618.75,Regular,2023-02-23,57,7732.37,30929.5,Delhi,India,DEV0023,4995777387214895,Mastercard
CUST000024,Brinda,Pau,Other,23,Chennai,Tamil Nadu,India,379434.46,Regular,2018-09-05,32,7588.69,30354.76,Chennai,India,DEV0024,4003791769367634,Visa
CUST000025,Aahana,Sarma,Female,19,Hyderabad,Telangana,India,872677.93,Regular,2026-07-01,27,17453.56,69814.23,Hyderabad,India,DEV0025,5870831727889572,Amex
CUST000026,Lakshit,Palla,Male,37,Ahmedabad,Gujarat,India,738654.91,Regular,2019-12-08,28,14773.1,59092.39,Ahmedabad,India,DEV0026,4487347143455817,Mastercard
CUST000027,Ira,Lalla,Female,48,Bengaluru,Karnataka,India,1002766.16,Gold,2022-10-18,44,50138.31,150414.92,Bengaluru,India,DEV0027,5658760366909677,RuPay
CUST000028,Sneha,Prabhakar,Female,51,Pune,Maharashtra,India,727512.14,Regular,2023-04-26,41,14550.24,58200.97,Pune,India,DEV0028,4937346706562727,Amex
CUST000029,Mitali,Khalsa,Other,58,Delhi,Delhi,India,528598.3,Regular,2022-05-25,42,10571.97,42287.86,Delhi,India,DEV0029,5720465375564643,Visa
CUST000030,Amara,Nadig,Other,70,London,England,United Kingdom,2724861.2,Corporate,2020-08-04,42,272486.12,817458.36,London,United Kingdom,DEV0030,5100330923271937,RuPay
CUST000031,Azad,Dutt,Male,21,Mumbai,Maharashtra,India,1162025.3,Gold,2019-02-01,73,58101.26,174303.79,Mumbai,India,DEV0031,4419049663193147,Visa
CUST000032,Omaja,Vyas,Female,21,Pune,Maharashtra,India,1010330.78,Gold,2019-10-07,27,50516.54,151549.62,Pune,India,DEV0032,5506716572628499,Amex
CUST000033,Arya,Ramakrishnan,Female,33,Chennai,Tamil Nadu,India,409571.86,Regular,2026-01-01,25,8191.44,32765.75,Chennai,India,DEV0033,5147379965075270,RuPay
CUST000034,Nikita,Bora,Female,42,Chennai,Tamil Nadu,India,6356510.63,Platinum,2020-09-23,20,508520.85,1398432.34,Chennai,India,DEV0034,4480831367837775,RuPay
CUST000035,Gaurang,Narula,Male,42,Pune,Maharashtra,India,1389929.65,Gold,2023-04-08,46,69496.48,208489.45,Pune,India,DEV0035,4957885685574449,Mastercard
CUST000036,Bina,Agarwal,Female,61,Mumbai,Maharashtra,India,2421404.1,Gold,2026-04-12,55,121070.2,363210.61,Mumbai,India,DEV0036,5233749894134352,Visa
CUST000037,Divya,Walla,Other,53,Bengaluru,Karnataka,India,883291.71,Regular,2019-08-15,32,17665.83,70663.34,Bengaluru,India,DEV0037,5842710947775202,Visa
CUST000038,Teerth,Sood,Male,38,Pune,Maharashtra,India,625063.75,Regular,2026-06-22,19,12501.28,50005.1,Pune,India,DEV0038,5022941318699931,Amex
CUST000039,Leela,Sabharwal,Female,61,Chennai,Tamil Nadu,India,7945171.93,Platinum,2018-10-18,20,635613.75,1747937.83,Chennai,India,DEV0039,4499091334123283,Visa
CUST000040,Chameli,Dhar,Female,63,New York,New York,United States,1651859.97,Gold,2021-06-29,46,82593.0,247778.99,New York,United States,DEV0040,5034471349361838,Mastercard
CUST000041,Azaan,Naidu,Male,65,Delhi,Delhi,India,449947.68,Regular,2019-03-29,48,8998.95,35995.81,Delhi,India,DEV0041,5947174648877192,RuPay
CUST000042,Vritti,Mahajan,Other,38,Chennai,Tamil Nadu,India,398800.87,Regular,2021-01-21,44,7976.02,31904.07,Chennai,India,DEV0042,4990490278742965,Amex
CUST000043,Kavya,Randhawa,Female,32,Pune,Maharashtra,India,685586.78,Regular,2024-02-02,23,13711.74,54846.94,Pune,India,DEV0043,4256746807154513,Amex
CUST000044,Isha,De,Female,57,Delhi,Delhi,India,485156.58,Regular,2023-09-11,39,9703.13,38812.53,Delhi,India,DEV0044,5770348247710930,Visa
CUST000045,Darika,Sama,Other,59,Pune,Maharashtra,India,894967.14,Regular,2022-03-14,37,17899.34,71597.37,Pune,India,DEV0045,5171274846773781,Mastercard
CUST000046,Hemani,Bera,Other,28,Bengaluru,Karnataka,India,4019360.72,Platinum,2019-09-19,38,321548.86,884259.36,Bengaluru,India,DEV0046,5658404499727874,Amex
CUST000047,Dayita,Yadav,Female,54,Kolkata,West Bengal,India,7894260.47,Platinum,2024-08-06,50,631540.84,1736737.3,Kolkata,India,DEV0047,5396360576627021,Visa
CUST000048,Falguni,Tiwari,Female,45,Mumbai,Maharashtra,India,547003.25,Regular,2025-09-16,39,10940.06,43760.26,Mumbai,India,DEV0048,4262174596158651,Visa
CUST000049,Frederick,Ravel,Male,32,Chennai,Tamil Nadu,India,4113682.28,Corporate,2025-10-15,47,411368.23,1234104.69,Chennai,India,DEV0049,4611724005045564,Amex
CUST000050,Divya,Dash,Other,41,Dubai,Dubai,UAE,301329.43,Regular,2020-02-01,36,6026.59,24106.35,Dubai,UAE,DEV0050,4693792374740745,Visa
CUST000051,Lekha,Chhabra,Female,22,Kolkata,West Bengal,India,2547039.87,Corporate,2025-04-05,40,254703.99,764111.96,Kolkata,India,DEV0051,4647436713695943,Amex
CUST000052,Yamini,Sagar,Female,62,Delhi,Delhi,India,695769.67,Regular,2019-07-05,46,13915.39,55661.57,Delhi,India,DEV0052,5097439533942101,Visa
CUST000053,Hemani,Kakar,Other,40,Kolkata,West Bengal,India,1044213.4,Gold,2021-04-28,8,52210.67,156632.01,Kolkata,India,DEV0053,5456232858842477,Visa
CUST000054,Yamini,Yadav,Female,62,Mumbai,Maharashtra,India,878225.14,Regular,2024-09-16,29,17564.5,70258.01,Mumbai,India,DEV0054,4685160481754965,Mastercard
CUST000055,Bishakha,Date,Female,59,Delhi,Delhi,India,2409070.62,Gold,2026-04-10,26,120453.53,361360.59,Delhi,India,DEV0055,4593174612004712,Mastercard
CUST000056,Chaitaly,Sarraf,Female,26,Ahmedabad,Gujarat,India,867097.5,Regular,2019-05-04,23,17341.95,69367.8,Ahmedabad,India,DEV0056,4869261796405379,RuPay
CUST000057,Baljiwan,Chandran,Male,35,Kolkata,West Bengal,India,885597.64,Regular,2025-09-27,30,17711.95,70847.81,Kolkata,India,DEV0057,4506431713900536,Visa
CUST000058,Januja,Bakshi,Other,68,Hyderabad,Telangana,India,778484.44,Regular,2024-07-20,61,15569.69,62278.76,Hyderabad,India,DEV0058,5352904228421023,Mastercard
CUST000059,Tripti,Rattan,Other,19,Kolkata,West Bengal,India,422488.88,Regular,2020-08-26,19,8449.78,33799.11,Kolkata,India,DEV0059,4268117758917834,RuPay
CUST000060,Waida,Sharaf,Female,37,London,England,United Kingdom,561338.24,Regular,2025-03-04,52,11226.76,44907.06,London,United Kingdom,DEV0060,5661771159212492,Amex
CUST000061,Aradhana,Walia,Other,73,Chennai,Tamil Nadu,India,643527.41,Regular,2023-01-02,5,12870.55,51482.19,Chennai,India,DEV0061,5118367365766156,RuPay
CUST000062,Nandini,Prashad,Female,60,Bengaluru,Karnataka,India,1658828.62,Gold,2019-06-24,28,82941.43,248824.29,Bengaluru,India,DEV0062,5111615280988519,Amex
CUST000063,Damyanti,Ram,Other,19,Delhi,Delhi,India,3601435.32,Corporate,2023-10-13,37,360143.53,1080430.6,Delhi,India,DEV0063,4519832731585146,Amex
CUST000064,Nidra,Dugar,Other,71,Delhi,Delhi,India,1952529.96,Gold,2024-03-24,45,97626.5,292879.49,Delhi,India,DEV0064,4402445502296121,Mastercard
CUST000065,Dipta,Balakrishnan,Female,21,Pune,Maharashtra,India,352316.03,Regular,2025-07-27,47,7046.32,28185.28,Pune,India,DEV0065,5459910229014760,Amex
CUST000066,Madhavi,Sibal,Female,45,Hyderabad,Telangana,India,1082108.01,Gold,2025-04-02,49,54105.4,162316.2,Hyderabad,India,DEV0066,4614978403690030,Mastercard
CUST000067,Nitara,Sibal,Female,46,Chennai,Tamil Nadu,India,255024.44,Regular,2023-10-16,28,5100.49,20401.96,Chennai,India,DEV0067,4622683885160608,RuPay
CUST000068,Vritti,Bajaj,Other,72,Pune,Maharashtra,India,711174.33,Regular,2019-05-25,26,14223.49,56893.95,Pune,India,DEV0068,5641605297516139,Visa
CUST000069,Manya,Tara,Female,67,Chennai,Tamil Nadu,India,1254515.29,Gold,2026-05-14,50,62725.76,188177.29,Chennai,India,DEV0069,4218188355231249,Mastercard
CUST000070,Advika,Yohannan,Other,48,London,England,United Kingdom,752351.26,Regular,2020-06-19,31,15047.03,60188.1,London,United Kingdom,DEV0070,5779979955271776,Visa
CUST000071,Rachita,Bera,Female,37,Mumbai,Maharashtra,India,543744.01,Regular,2023-03-11,12,10874.88,43499.52,Mumbai,India,DEV0071,4054119986798070,RuPay
CUST000072,Anita,Pillay,Other,52,Ahmedabad,Gujarat,India,872519.53,Regular,2023-02-08,14,17450.39,69801.56,Ahmedabad,India,DEV0072,5715182037788927,RuPay
CUST000073,Varsha,Deep,Female,50,Pune,Maharashtra,India,1986236.35,Gold,2025-04-15,18,99311.82,297935.45,Pune,India,DEV0073,5051518644925199,RuPay
CUST000074,Warda,Date,Other,30,Pune,Maharashtra,India,710742.11,Regular,2026-01-25,43,14214.84,56859.37,Pune,India,DEV0074,4148652816850549,RuPay
CUST000075,Jhalak,Raju,Female,39,Hyderabad,Telangana,India,339417.48,Regular,2022-01-02,37,6788.35,27153.4,Hyderabad,India,DEV0075,4141888059296228,Amex
CUST000076,Jeremiah,Khanna,Male,19,Pune,Maharashtra,India,717730.69,Regular,2023-10-17,47,14354.61,57418.46,Pune,India,DEV0076,5794738347359772,Amex
CUST000077,Quincy,Yohannan,Male,68,Hyderabad,Telangana,India,3261191.94,Platinum,2020-05-13,27,260895.36,717462.23,Hyderabad,India,DEV0077,5407581814124781,Visa
CUST000078,Gavin,Gole,Male,40,Ahmedabad,Gujarat,India,7617595.6,Platinum,2023-11-18,37,609407.65,1675871.03,Ahmedabad,India,DEV0078,4606853615305158,Visa
CUST000079,Kashish,Ramanathan,Female,31,Ahmedabad,Gujarat,India,1122068.31,Gold,2025-05-23,46,56103.42,168310.25,Ahmedabad,India,DEV0079,4779010432898619,RuPay
CUST000080,Victor,Lall,Male,24,London,England,United Kingdom,665318.63,Regular,2023-05-03,29,13306.37,53225.49,London,United Kingdom,DEV0080,5971179808932467,Mastercard
CUST000081,Jhalak,Sharaf,Other,58,Pune,Maharashtra,India,684339.69,Regular,2021-09-30,43,13686.79,54747.17,Pune,India,DEV0081,4851888880670655,RuPay
CUST000082,Faris,Gola,Male,70,Kolkata,West Bengal,India,677117.86,Regular,2024-10-31,23,13542.36,54169.43,Kolkata,India,DEV0082,4195205852772212,RuPay
CUST000083,Charan,Nayar,Male,68,Delhi,Delhi,India,2317264.62,Gold,2022-02-16,28,115863.23,347589.69,Delhi,India,DEV0083,5548687403450549,Amex
CUST000084,Sudiksha,Kurian,Female,47,Ahmedabad,Gujarat,India,4626546.23,Platinum,2025-04-11,28,370123.7,1017840.17,Ahmedabad,India,DEV0084,4277584161692846,Visa
CUST000085,Ria,Konda,Female,40,Chennai,Tamil Nadu,India,641704.06,Regular,2025-08-15,13,12834.08,51336.32,Chennai,India,DEV0085,4627570596401650,Visa
CUST000086,Manan,Narayanan,Male,25,Ahmedabad,Gujarat,India,293701.69,Regular,2019-01-20,43,5874.03,23496.13,Ahmedabad,India,DEV0086,5556909275571924,Amex
CUST000087,Lakshmi,Prakash,Female,63,Chennai,Tamil Nadu,India,323741.6,Regular,2022-02-06,26,6474.83,25899.33,Chennai,India,DEV0087,4278681447394733,Visa
CUST000088,Triya,Srinivas,Female,70,Bengaluru,Karnataka,India,4948111.56,Platinum,2023-04-19,35,395848.92,1088584.54,Bengaluru,India,DEV0088,4155188442258318,Mastercard
CUST000089,Anika,Reddy,Female,75,Delhi,Delhi,India,621980.31,Regular,2020-03-06,43,12439.61,49758.43,Delhi,India,DEV0089,5782911467866910,Visa
CUST000090,Pooja,Chand,Female,29,New York,New York,United States,1451223.65,Gold,2024-01-09,43,72561.18,217683.55,New York,United States,DEV0090,5892268018242253,RuPay
CUST000091,Gunbir,Rajagopalan,Male,73,Chennai,Tamil Nadu,India,871628.56,Regular,2020-06-25,46,17432.57,69730.28,Chennai,India,DEV0091,4424981829922990,Visa
CUST000092,Naksh,Sharma,Male,19,Delhi,Delhi,India,4198578.29,Corporate,2021-06-04,33,419857.83,1259573.49,Delhi,India,DEV0092,4439690784473641,Visa
CUST000093,Laksh,Jayaraman,Male,67,Ahmedabad,Gujarat,India,551887.4,Regular,2020-02-10,27,11037.75,44150.99,Ahmedabad,India,DEV0093,4592555625881535,RuPay
CUST000094,Zinal,Bawa,Female,35,Hyderabad,Telangana,India,282893.44,Regular,2021-10-18,33,5657.87,22631.48,Hyderabad,India,DEV0094,5696325953278771,Visa
CUST000095,Bachittar,Garde,Male,48,Pune,Maharashtra,India,878346.31,Regular,2024-02-10,5,17566.93,70267.7,Pune,India,DEV0095,5395004797480167,RuPay
CUST000096,Jalsa,Buch,Female,31,Kolkata,West Bengal,India,283252.5,Regular,2020-02-21,8,5665.05,22660.2,Kolkata,India,DEV0096,4835841687849917,Amex
CUST000097,Anvi,Vala,Female,51,Kolkata,West Bengal,India,487644.14,Regular,2021-11-08,11,9752.88,39011.53,Kolkata,India,DEV0097,4239868000257877,RuPay
CUST000098,Radhika,Nori,Other,53,Kolkata,West Bengal,India,893900.23,Regular,2019-11-05,17,17878.0,71512.02,Kolkata,India,DEV0098,5495888794705518,Visa
CUST000099,Inaya,Ratta,Other,32,Ahmedabad,Gujarat,India,676134.13,Regular,2021-03-01,42,13522.68,54090.73,Ahmedabad,India,DEV0099,4993097289623093,Visa
CUST000100,Arunima,Sridhar,Female,70,Singapore,Singapore,Singapore,518424.07,Regular,2021-01-08,18,10368.48,41473.93,Singapore,Singapore,DEV0100,4368970283857866,Amex
CUST000101,Nidhi,Minhas,Other,71,Kolkata,West Bengal,India,689314.57,Regular,2025-04-27,28,13786.29,55145.17,Kolkata,India,DEV0101,5497334843443758,RuPay
CUST000102,Lakshmi,Sampath,Female,75,Mumbai,Maharashtra,India,603074.07,Regular,2025-05-14,58,12061.48,48245.93,Mumbai,India,DEV0102,5652404157473387,Mastercard
CUST000103,Nathan,Parmar,Male,25,Hyderabad,Telangana,India,685392.08,Regular,2021-06-14,28,13707.84,54831.37,Hyderabad,India,DEV0103,5833016571208261,Mastercard
CUST000104,Rachita,Mani,Female,34,Kolkata,West Bengal,India,288455.68,Regular,2021-05-18,48,5769.11,23076.45,Kolkata,India,DEV0104,5193802620672402,Visa
CUST000105,Edhitha,Parekh,Female,21,Chennai,Tamil Nadu,India,666853.07,Regular,2019-01-01,18,13337.06,53348.25,Chennai,India,DEV0105,5872874315274207,Mastercard
CUST000106,Aarush,Dar,Male,61,Pune,Maharashtra,India,5334043.62,Platinum,2023-11-24,31,426723.49,1173489.6,Pune,India,DEV0106,5161227530463749,Visa
CUST000107,Alka,Iyer,Female,71,Kolkata,West Bengal,India,999398.93,Gold,2025-03-28,17,49969.95,149909.84,Kolkata,India,DEV0107,4174268414593324,Amex
CUST000108,Bhanumati,Mann,Other,73,Kolkata,West Bengal,India,607002.43,Regular,2021-04-28,28,12140.05,48560.19,Kolkata,India,DEV0108,4783391878519105,Mastercard
CUST000109,Vincent,Johal,Male,36,Kolkata,West Bengal,India,4930123.04,Platinum,2019-02-23,50,394409.84,1084627.07,Kolkata,India,DEV0109,5397187072867902,RuPay
CUST000110,Leela,Saha,Other,50,London,England,United Kingdom,780694.6,Regular,2023-07-05,5,15613.89,62455.57,London,United Kingdom,DEV0110,4391065180170461,Amex
CUST000111,Saanvi,Choudhary,Female,43,Pune,Maharashtra,India,846124.8,Regular,2024-08-07,42,16922.5,67689.98,Pune,India,DEV0111,5661825128682305,Amex
CUST000112,Nisha,Devan,Other,59,Pune,Maharashtra,India,785184.28,Regular,2020-05-04,39,15703.69,62814.74,Pune,India,DEV0112,4375243106903315,Amex
CUST000113,Warda,Doshi,Other,67,Delhi,Delhi,India,278753.87,Regular,2024-03-21,24,5575.08,22300.31,Delhi,India,DEV0113,5738302843959955,Mastercard
CUST000114,Aachal,Sarna,Other,47,Hyderabad,Telangana,India,428850.05,Regular,2020-09-30,8,8577.0,34308.0,Hyderabad,India,DEV0114,5892687056856627,Mastercard
CUST000115,Krisha,Konda,Other,57,Ahmedabad,Gujarat,India,396473.96,Regular,2021-11-22,36,7929.48,31717.92,Ahmedabad,India,DEV0115,5270866882634351,RuPay
CUST000116,Upkaar,Varughese,Male,72,Hyderabad,Telangana,India,495159.18,Regular,2025-12-09,25,9903.18,39612.73,Hyderabad,India,DEV0116,4990139837354036,Amex
CUST000117,Ethan,Bahri,Male,65,Hyderabad,Telangana,India,405565.12,Regular,2025-06-12,39,8111.3,32445.21,Hyderabad,India,DEV0117,4546785445877177,RuPay
CUST000118,Yochana,Garde,Female,22,Pune,Maharashtra,India,811655.15,Regular,2020-08-02,35,16233.1,64932.41,Pune,India,DEV0118,5204899642353697,RuPay
CUST000119,Kavya,Sane,Female,19,Ahmedabad,Gujarat,India,3745930.59,Corporate,2021-08-22,63,374593.06,1123779.18,Ahmedabad,India,DEV0119,4772522872808014,Amex
CUST000120,Girik,Mahal,Male,50,Dubai,Dubai,UAE,348169.27,Regular,2026-02-19,30,6963.39,27853.54,Dubai,UAE,DEV0120,4387509977008861,RuPay
CUST000121,Lakshmi,Lal,Other,35,Chennai,Tamil Nadu,India,778552.19,Regular,2019-06-18,16,15571.04,62284.18,Chennai,India,DEV0121,5621182339845465,Amex
CUST000122,Anya,Ramakrishnan,Female,61,Hyderabad,Telangana,India,2290500.38,Corporate,2024-07-05,38,229050.04,687150.12,Hyderabad,India,DEV0122,4101666870021767,Visa
CUST000123,Saksham,Sur,Male,69,Hyderabad,Telangana,India,3923006.99,Corporate,2026-04-11,38,392300.7,1176902.1,Hyderabad,India,DEV0123,5974014890250391,Visa
CUST000124,Varsha,Kaur,Female,49,Bengaluru,Karnataka,India,618352.35,Regular,2024-05-30,59,12367.05,49468.19,Bengaluru,India,DEV0124,5685621850163156,RuPay
CUST000125,Manan,Dave,Male,68,Chennai,Tamil Nadu,India,1620880.31,Gold,2023-05-28,50,81044.02,243132.05,Chennai,India,DEV0125,4358662961943117,Amex
CUST000126,Aishani,Wagle,Other,27,Bengaluru,Karnataka,India,1406685.17,Gold,2019-07-02,41,70334.26,211002.77,Bengaluru,India,DEV0126,5110475412126781,Visa
CUST000127,Zayan,Patil,Male,27,Mumbai,Maharashtra,India,310491.77,Regular,2023-07-27,61,6209.84,24839.34,Mumbai,India,DEV0127,4956046618398264,RuPay
CUST000128,Radhika,Buch,Female,35,Chennai,Tamil Nadu,India,291123.65,Regular,2021-02-28,13,5822.47,23289.89,Chennai,India,DEV0128,4646471543799377,RuPay
CUST000129,Yug,Ramaswamy,Male,67,Pune,Maharashtra,India,653124.92,Regular,2020-08-12,23,13062.5,52249.99,Pune,India,DEV0129,5575692459375264,Amex
CUST000130,Kritika,Memon,Other,69,Dubai,Dubai,UAE,432195.1,Regular,2021-12-12,18,8643.9,34575.61,Dubai,UAE,DEV0130,5651939828073748,Amex
CUST000131,Pratyush,Yadav,Male,62,Chennai,Tamil Nadu,India,678130.93,Regular,2026-07-02,27,13562.62,54250.47,Chennai,India,DEV0131,4661797968868056,Visa
CUST000132,Michael,Chakrabarti,Male,71,Kolkata,West Bengal,India,648240.64,Regular,2022-01-17,10,12964.81,51859.25,Kolkata,India,DEV0132,5965610143888998,RuPay
CUST000133,Hemani,Seshadri,Female,60,Ahmedabad,Gujarat,India,1841743.93,Gold,2022-06-09,46,92087.2,276261.59,Ahmedabad,India,DEV0133,4825071461125451,Amex
CUST000134,Dalaja,Bansal,Female,58,Ahmedabad,Gujarat,India,719296.06,Regular,2022-04-12,30,14385.92,57543.69,Ahmedabad,India,DEV0134,5751401051238283,Amex
CUST000135,Neelima,Chad,Female,69,Hyderabad,Telangana,India,1907616.51,Gold,2025-09-14,8,95380.83,286142.48,Hyderabad,India,DEV0135,4266093796603345,Mastercard
CUST000136,Bhavini,Gill,Female,32,Kolkata,West Bengal,India,324070.73,Regular,2019-03-16,16,6481.41,25925.66,Kolkata,India,DEV0136,4785969691557923,Mastercard
CUST000137,Chameli,Munshi,Female,71,Mumbai,Maharashtra,India,326016.79,Regular,2025-10-11,40,6520.34,26081.34,Mumbai,India,DEV0137,4528669296627826,Amex
CUST000138,Raksha,Chacko,Female,31,Bengaluru,Karnataka,India,797290.39,Regular,2023-06-26,50,15945.81,63783.23,Bengaluru,India,DEV0138,5905072368876769,Mastercard
CUST000139,Bachittar,Joshi,Male,74,Delhi,Delhi,India,1252847.21,Gold,2026-01-24,70,62642.36,187927.08,Delhi,India,DEV0139,5043842797881912,Visa
CUST000140,Zansi,Srivastava,Other,58,New York,New York,United States,893354.22,Regular,2019-05-02,87,17867.08,71468.34,New York,United States,DEV0140,5134074517133952,Mastercard
CUST000141,Aadhya,Mitter,Other,47,Bengaluru,Karnataka,India,2201647.78,Gold,2019-03-16,42,110082.39,330247.17,Bengaluru,India,DEV0141,4095849825449484,Amex
CUST000142,Pranav,Prakash,Male,58,Chennai,Tamil Nadu,India,3197884.93,Platinum,2023-01-22,17,255830.79,703534.68,Chennai,India,DEV0142,5232536729466712,RuPay
CUST000143,Yadavi,Pandit,Other,71,Kolkata,West Bengal,India,567228.91,Regular,2024-03-25,5,11344.58,45378.31,Kolkata,India,DEV0143,5901751863637454,Mastercard
CUST000144,Anjali,Salvi,Other,72,Ahmedabad,Gujarat,India,2330647.45,Gold,2024-02-05,39,116532.37,349597.12,Ahmedabad,India,DEV0144,5001701277063245,Visa
CUST000145,Tanmayi,Khurana,Other,27,Kolkata,West Bengal,India,491698.45,Regular,2026-02-17,20,9833.97,39335.88,Kolkata,India,DEV0145,5206436110371297,Visa
CUST000146,Shaurya,Sarna,Male,69,Kolkata,West Bengal,India,7934852.0,Platinum,2026-03-22,27,634788.16,1745667.44,Kolkata,India,DEV0146,4627136111554268,Visa
CUST000147,Xalak,Borah,Other,39,Delhi,Delhi,India,1162586.48,Gold,2024-05-10,23,58129.32,174387.97,Delhi,India,DEV0147,5532697311219655,Mastercard
CUST000148,Baljiwan,Bhakta,Male,67,Chennai,Tamil Nadu,India,1297067.24,Gold,2024-01-05,32,64853.36,194560.09,Chennai,India,DEV0148,5999404389836409,Amex
CUST000149,Yug,Babu,Male,48,Hyderabad,Telangana,India,636054.35,Regular,2019-10-02,54,12721.09,50884.35,Hyderabad,India,DEV0149,4805526965827106,Visa
CUST000150,Rajata,Kant,Female,46,Dubai,Dubai,UAE,289304.76,Regular,2021-12-02,37,5786.1,23144.38,Dubai,UAE,DEV0150,4684866618892411,Mastercard
CUST000151,Chakradhar,Badal,Male,60,Kolkata,West Bengal,India,662291.26,Regular,2018-09-19,32,13245.83,52983.3,Kolkata,India,DEV0151,4146303161799042,Visa
CUST000152,Netra,Barad,Other,31,Bengaluru,Karnataka,India,1162132.21,Gold,2020-02-01,16,58106.61,174319.83,Bengaluru,India,DEV0152,5588425241056483,Visa
CUST000153,Amrita,Venkataraman,Female,48,Ahmedabad,Gujarat,India,286035.42,Regular,2024-01-20,5,5720.71,22882.83,Ahmedabad,India,DEV0153,5925241913800035,RuPay
CUST000154,Raksha,Konda,Female,45,Bengaluru,Karnataka,India,874222.39,Regular,2025-06-21,26,17484.45,69937.79,Bengaluru,India,DEV0154,4086353654195187,Mastercard
CUST000155,Ishanvi,Rau,Other,56,Delhi,Delhi,India,1741242.53,Corporate,2026-07-06,34,174124.25,522372.76,Delhi,India,DEV0155,5744518705349490,RuPay
CUST000156,Avni,Chaudhuri,Other,53,Ahmedabad,Gujarat,India,4215600.85,Corporate,2018-10-30,66,421560.08,1264680.25,Ahmedabad,India,DEV0156,4832060385050646,Mastercard
CUST000157,Ekani,Misra,Female,59,Ahmedabad,Gujarat,India,4903957.33,Corporate,2020-05-13,37,490395.73,1471187.2,Ahmedabad,India,DEV0157,4241038657191829,Visa
CUST000158,Vanya,Golla,Female,66,Bengaluru,Karnataka,India,419644.11,Regular,2022-08-20,52,8392.88,33571.53,Bengaluru,India,DEV0158,5565574313291213,Amex
CUST000159,Vedika,Dewan,Female,73,Pune,Maharashtra,India,482886.84,Regular,2023-05-02,26,9657.74,38630.95,Pune,India,DEV0159,4374741124903522,RuPay
CUST000160,Ganga,Gaba,Female,48,London,England,United Kingdom,1316266.87,Gold,2021-05-04,13,65813.34,197440.03,London,United Kingdom,DEV0160,4206788317121009,Mastercard
CUST000161,Aadhya,Roy,Female,59,Kolkata,West Bengal,India,2400119.84,Gold,2024-05-18,17,120005.99,360017.98,Kolkata,India,DEV0161,4199410137215109,Mastercard
CUST000162,Ladli,Mane,Other,28,Pune,Maharashtra,India,4672492.79,Platinum,2025-07-31,21,373799.42,1027948.41,Pune,India,DEV0162,4066253244720996,RuPay
CUST000163,Nilima,Bali,Female,61,Pune,Maharashtra,India,5134670.11,Platinum,2021-08-04,73,410773.61,1129627.43,Pune,India,DEV0163,5146263838065780,RuPay
CUST000164,Hemangini,Sankaran,Female,61,Chennai,Tamil Nadu,India,457270.42,Regular,2022-05-12,20,9145.41,36581.63,Chennai,India,DEV0164,4304078593213346,Mastercard
CUST000165,Indali,Hans,Other,26,Pune,Maharashtra,India,795494.46,Regular,2024-01-09,50,15909.89,63639.56,Pune,India,DEV0165,5223955905992936,Mastercard
CUST000166,Jyoti,Ratti,Female,39,Delhi,Delhi,India,401205.18,Regular,2022-02-03,18,8024.1,32096.41,Delhi,India,DEV0166,4308705932525001,Visa
CUST000167,Anika,Pradhan,Other,43,Kolkata,West Bengal,India,2807567.73,Corporate,2019-04-08,51,280756.77,842270.32,Kolkata,India,DEV0167,4691545226752899,Mastercard
CUST000168,Aadhya,Raghavan,Female,39,Chennai,Tamil Nadu,India,1371227.62,Gold,2021-08-15,41,68561.38,205684.14,Chennai,India,DEV0168,5209690295939170,Visa
CUST000169,Ekbal,Bail,Male,21,Kolkata,West Bengal,India,2087605.96,Corporate,2026-08-05,32,208760.6,626281.79,Kolkata,India,DEV0169,5157043315410062,Mastercard
CUST000170,Eta,Kurian,Female,28,New York,New York,United States,4431771.43,Platinum,2020-01-14,34,354541.71,974989.71,New York,United States,DEV0170,5617932710405415,Mastercard
CUST000171,Radha,Luthra,Female,48,Bengaluru,Karnataka,India,1775274.01,Gold,2022-10-08,23,88763.7,266291.1,Bengaluru,India,DEV0171,4159970629620155,Amex
CUST000172,Damini,Kara,Other,48,Chennai,Tamil Nadu,India,1375841.04,Gold,2025-08-26,43,68792.05,206376.16,Chennai,India,DEV0172,4106987205061492,Visa
CUST000173,Advaith,Madan,Male,20,Hyderabad,Telangana,India,439677.45,Regular,2025-07-28,26,8793.55,35174.2,Hyderabad,India,DEV0173,4171467741862560,Amex
CUST000174,Siddharth,Savant,Male,33,Chennai,Tamil Nadu,India,421210.53,Regular,2022-01-27,12,8424.21,33696.84,Chennai,India,DEV0174,5490211586938062,Amex
CUST000175,Mitali,Parikh,Other,64,Hyderabad,Telangana,India,301320.78,Regular,2025-04-05,11,6026.42,24105.66,Hyderabad,India,DEV0175,5089899217223325,Visa
CUST000176,Ridhi,Pandey,Other,62,Pune,Maharashtra,India,784666.62,Regular,2022-10-12,38,15693.33,62773.33,Pune,India,DEV0176,5294511686854875,Visa
CUST000177,Brinda,Sinha,Female,31,Bengaluru,Karnataka,India,632157.19,Regular,2020-08-14,63,12643.14,50572.57,Bengaluru,India,DEV0177,4119148564679976,RuPay
CUST000178,Chasmum,Yohannan,Female,39,Bengaluru,Karnataka,India,1989300.58,Gold,2023-08-14,37,99465.03,298395.09,Bengaluru,India,DEV0178,4606530745054442,Mastercard
CUST000179,Chatura,Balan,Male,57,Chennai,Tamil Nadu,India,3050887.15,Corporate,2019-03-09,32,305088.71,915266.14,Chennai,India,DEV0179,4546913736785086,RuPay
CUST000180,Kashish,Bajaj,Other,52,New York,New York,United States,803341.97,Regular,2023-11-26,40,16066.84,64267.36,New York,United States,DEV0180,5902330307053455,Visa
CUST000181,Mitali,Bedi,Other,62,Delhi,Delhi,India,567711.38,Regular,2024-06-01,58,11354.23,45416.91,Delhi,India,DEV0181,4727985524140600,Mastercard
CUST000182,Nisha,Peri,Other,18,Hyderabad,Telangana,India,1330533.73,Gold,2025-09-13,38,66526.69,199580.06,Hyderabad,India,DEV0182,5680072290349442,RuPay
CUST000183,Lekha,Hora,Female,35,Chennai,Tamil Nadu,India,446394.31,Regular,2024-03-27,27,8927.89,35711.54,Chennai,India,DEV0183,4896910858994416,RuPay
CUST000184,Chandani,Vaidya,Female,65,Kolkata,West Bengal,India,3936307.99,Platinum,2025-09-20,54,314904.64,865987.76,Kolkata,India,DEV0184,5432830965207449,Amex
CUST000185,Dhriti,Mane,Other,40,Delhi,Delhi,India,896589.92,Regular,2022-08-06,42,17931.8,71727.19,Delhi,India,DEV0185,5353875842824170,Mastercard
CUST000186,Neelima,Khanna,Other,41,Kolkata,West Bengal,India,1255605.62,Gold,2023-09-27,62,62780.28,188340.84,Kolkata,India,DEV0186,4346554947170991,Amex
CUST000187,Avi,Iyer,Male,68,Mumbai,Maharashtra,India,4599180.71,Platinum,2024-05-12,38,367934.46,1011819.76,Mumbai,India,DEV0187,5460223569725215,Mastercard
CUST000188,Omisha,Butala,Female,22,Delhi,Delhi,India,427793.11,Regular,2025-12-05,12,8555.86,34223.45,Delhi,India,DEV0188,4292712966667601,RuPay
CUST000189,Ekalinga,Menon,Male,40,Kolkata,West Bengal,India,1749654.06,Gold,2025-04-05,10,87482.7,262448.11,Kolkata,India,DEV0189,5003354216894217,RuPay
CUST000190,Mekhala,Basak,Female,66,Singapore,Singapore,Singapore,696407.1,Regular,2021-03-08,64,13928.14,55712.57,Singapore,Singapore,DEV0190,4257532603323091,Visa
CUST000191,Eshana,Puri,Female,71,Delhi,Delhi,India,666208.71,Regular,2023-05-09,66,13324.17,53296.7,Delhi,India,DEV0191,5890901001676180,Mastercard
CUST000192,Arin,Raman,Male,56,Delhi,Delhi,India,680081.97,Regular,2022-10-14,31,13601.64,54406.56,Delhi,India,DEV0192,4849926189141179,RuPay
CUST000193,Kamala,Sagar,Other,38,Hyderabad,Telangana,India,516341.55,Regular,2022-09-18,28,10326.83,41307.32,Hyderabad,India,DEV0193,4208737530011972,Visa
CUST000194,Bhavya,Dhaliwal,Other,53,Mumbai,Maharashtra,India,3755178.77,Corporate,2026-07-08,61,375517.88,1126553.63,Mumbai,India,DEV0194,4744701204556114,Mastercard
CUST000195,Gaurika,Parikh,Other,56,Bengaluru,Karnataka,India,831442.95,Regular,2025-10-25,15,16628.86,66515.44,Bengaluru,India,DEV0195,4941552166746760,Mastercard
CUST000196,Saumya,Acharya,Other,52,Delhi,Delhi,India,4455224.47,Corporate,2020-10-15,18,445522.45,1336567.34,Delhi,India,DEV0196,4169797296590275,Amex
CUST000197,Ekanta,Verma,Female,43,Delhi,Delhi,India,675732.82,Regular,2026-01-07,46,13514.66,54058.63,Delhi,India,DEV0197,4089935889163758,Visa
CUST000198,Christopher,Ben,Male,50,Bengaluru,Karnataka,India,555037.81,Regular,2019-04-22,27,11100.76,44403.02,Bengaluru,India,DEV0198,4721753540838660,Amex
CUST000199,Anita,Dixit,Female,61,Ahmedabad,Gujarat,India,573996.5,Regular,2020-02-23,34,11479.93,45919.72,Ahmedabad,India,DEV0199,4517016608801994,Amex
CUST000200,Dhriti,Suresh,Female,75,Singapore,Singapore,Singapore,6991237.78,Platinum,2021-10-22,32,559299.02,1538072.31,Singapore,Singapore,DEV0200,5758997571130550,Visa
CUST000201,Udarsh,Vig,Male,59,Bengaluru,Karnataka,India,784195.13,Regular,2019-05-15,41,15683.9,62735.61,Bengaluru,India,DEV0201,4614933163735166,Amex
CUST000202,Forum,Muni,Female,27,Bengaluru,Karnataka,India,1515181.7,Corporate,2023-04-28,60,151518.17,454554.51,Bengaluru,India,DEV0202,5086978292216997,Amex
CUST000203,Idika,Borah,Other,60,Hyderabad,Telangana,India,876335.8,Regular,2025-02-22,36,17526.72,70106.86,Hyderabad,India,DEV0203,5472269848583330,RuPay
CUST000204,Nisha,Shenoy,Other,28,Bengaluru,Karnataka,India,3775302.36,Corporate,2021-02-16,46,377530.24,1132590.71,Bengaluru,India,DEV0204,4288515879968468,Visa
CUST000205,Kashish,Bhalla,Female,44,Bengaluru,Karnataka,India,286793.1,Regular,2023-08-30,5,5735.86,22943.45,Bengaluru,India,DEV0205,4424420438057193,Amex
CUST000206,Girindra,Desai,Male,72,Chennai,Tamil Nadu,India,975167.81,Gold,2026-03-13,34,48758.39,146275.17,Chennai,India,DEV0206,4666580043973595,Mastercard
CUST000207,Anya,Tandon,Female,33,Ahmedabad,Gujarat,India,693728.25,Regular,2021-01-30,19,13874.57,55498.26,Ahmedabad,India,DEV0207,5228160648422941,Amex
CUST000208,Sneha,Gade,Other,72,Bengaluru,Karnataka,India,853608.35,Regular,2023-12-23,13,17072.17,68288.67,Bengaluru,India,DEV0208,4909479851583289,Amex
CUST000209,Barkha,Deo,Other,37,Pune,Maharashtra,India,393778.75,Regular,2023-09-27,19,7875.58,31502.3,Pune,India,DEV0209,4355543987801579,Visa
CUST000210,Jasmit,Narula,Other,33,Singapore,Singapore,Singapore,767534.28,Regular,2025-07-31,28,15350.69,61402.74,Singapore,Singapore,DEV0210,5164840858877040,Visa
CUST000211,Nachiket,Gokhale,Male,53,Bengaluru,Karnataka,India,4206614.81,Corporate,2021-05-30,51,420661.48,1261984.44,Bengaluru,India,DEV0211,4801336138612073,Visa
CUST000212,Rachit,Dass,Male,29,Delhi,Delhi,India,413740.2,Regular,2026-04-03,11,8274.8,33099.22,Delhi,India,DEV0212,4193466766506181,Visa
CUST000213,Ridhi,Borra,Other,29,Mumbai,Maharashtra,India,576844.02,Regular,2020-01-13,35,11536.88,46147.52,Mumbai,India,DEV0213,5449147660728322,Mastercard
CUST000214,Yochana,Kaul,Female,64,Kolkata,West Bengal,India,1539025.73,Corporate,2018-10-21,26,153902.57,461707.72,Kolkata,India,DEV0214,5821009968814358,Mastercard
CUST000215,Aarav,Bir,Male,59,Bengaluru,Karnataka,India,792586.44,Regular,2021-01-04,29,15851.73,63406.92,Bengaluru,India,DEV0215,5312908781414137,RuPay
CUST000216,Vasana,Srinivasan,Female,72,Bengaluru,Karnataka,India,1275252.56,Gold,2021-06-15,53,63762.63,191287.88,Bengaluru,India,DEV0216,5491357759492993,Amex
CUST000217,Zashil,Malhotra,Male,42,Delhi,Delhi,India,760679.07,Regular,2024-08-12,44,15213.58,60854.33,Delhi,India,DEV0217,4645257775478124,RuPay
CUST000218,Dakshesh,Sahota,Male,18,Hyderabad,Telangana,India,826118.29,Regular,2021-02-26,59,16522.37,66089.46,Hyderabad,India,DEV0218,5110809969308484,Mastercard
CUST000219,Wakeeta,Ramakrishnan,Female,71,Pune,Maharashtra,India,751894.15,Regular,2023-08-22,32,15037.88,60151.53,Pune,India,DEV0219,5427881658039282,Mastercard
CUST000220,Elijah,Tella,Male,67,Dubai,Dubai,UAE,1673605.47,Gold,2026-07-04,22,83680.27,251040.82,Dubai,UAE,DEV0220,5503731453038564,Visa
CUST000221,Gunbir,Mutti,Male,39,Kolkata,West Bengal,India,879486.91,Regular,2019-08-29,30,17589.74,70358.95,Kolkata,India,DEV0221,5449892665918462,RuPay
CUST000222,Ishanvi,Thakur,Female,24,Ahmedabad,Gujarat,India,2319475.11,Gold,2023-09-10,39,115973.76,347921.27,Ahmedabad,India,DEV0222,4082723184322254,Mastercard
CUST000223,Garima,Buch,Female,39,Kolkata,West Bengal,India,1670426.64,Gold,2022-02-02,38,83521.33,250564.0,Kolkata,India,DEV0223,4773926030299220,Mastercard
CUST000224,Indrajit,Savant,Male,59,Bengaluru,Karnataka,India,367024.4,Regular,2023-07-17,15,7340.49,29361.95,Bengaluru,India,DEV0224,4699041379772368,Mastercard
CUST000225,Nisha,Barad,Other,42,Chennai,Tamil Nadu,India,695634.26,Regular,2018-09-28,36,13912.69,55650.74,Chennai,India,DEV0225,4799136621038866,Mastercard
CUST000226,Manya,Ratti,Female,25,Delhi,Delhi,India,5422864.73,Platinum,2018-11-04,39,433829.18,1193030.24,Delhi,India,DEV0226,5117298068650865,Amex
CUST000227,Maya,Vasa,Female,71,Mumbai,Maharashtra,India,415436.72,Regular,2024-03-12,80,8308.73,33234.94,Mumbai,India,DEV0227,5314986430098180,Mastercard
CUST000228,Vasana,Shroff,Other,24,Kolkata,West Bengal,India,319279.09,Regular,2023-01-20,68,6385.58,25542.33,Kolkata,India,DEV0228,5694486959463684,Mastercard
CUST000229,Netra,Dugar,Female,71,Ahmedabad,Gujarat,India,449324.51,Regular,2023-11-02,19,8986.49,35945.96,Ahmedabad,India,DEV0229,4562137213865898,Amex
CUST000230,Adweta,Nigam,Other,74,London,England,United Kingdom,7027905.06,Platinum,2018-10-19,29,562232.4,1546139.11,London,United Kingdom,DEV0230,5796114351906691,Visa
CUST000231,Samar,Goda,Male,25,Ahmedabad,Gujarat,India,381109.71,Regular,2022-02-05,8,7622.19,30488.78,Ahmedabad,India,DEV0231,4843098839205300,RuPay
CUST000232,Zinal,Karan,Female,33,Kolkata,West Bengal,India,1548721.55,Gold,2023-12-09,24,77436.08,232308.23,Kolkata,India,DEV0232,5380118489554390,Amex
CUST000233,Avni,Nath,Other,23,Delhi,Delhi,India,514637.51,Regular,2026-01-27,40,10292.75,41171.0,Delhi,India,DEV0233,5181845184894762,Mastercard
CUST000234,Maya,Palla,Female,46,Ahmedabad,Gujarat,India,2334438.12,Gold,2026-07-05,56,116721.91,350165.72,Ahmedabad,India,DEV0234,4071416335658803,RuPay
CUST000235,Krishna,Ganesan,Male,37,Pune,Maharashtra,India,2213719.5,Gold,2019-07-03,21,110685.98,332057.93,Pune,India,DEV0235,5182755394237331,Mastercard
CUST000236,Chaitanya,Nagy,Male,38,Hyderabad,Telangana,India,7099840.9,Platinum,2018-09-12,23,567987.27,1561965.0,Hyderabad,India,DEV0236,5521117908075950,Amex
CUST000237,Zayan,Aurora,Male,27,Chennai,Tamil Nadu,India,737610.1,Regular,2020-02-24,5,14752.2,59008.81,Chennai,India,DEV0237,5208678085627189,Visa
CUST000238,Akshay,Gill,Male,20,Hyderabad,Telangana,India,315486.09,Regular,2022-09-17,32,6309.72,25238.89,Hyderabad,India,DEV0238,4594284347955274,Amex
CUST000239,Bhavani,Saha,Other,72,Kolkata,West Bengal,India,510385.19,Regular,2020-01-08,15,10207.7,40830.82,Kolkata,India,DEV0239,5729293143866328,Visa
CUST000240,Anirudh,Raghavan,Male,58,New York,New York,United States,897115.15,Regular,2022-10-01,25,17942.3,71769.21,New York,United States,DEV0240,5885744890612031,Visa
CUST000241,Unnati,Roy,Female,58,Kolkata,West Bengal,India,484199.28,Regular,2022-08-26,19,9683.99,38735.94,Kolkata,India,DEV0241,5845061593998249,Amex
CUST000242,Leena,Dube,Other,32,Ahmedabad,Gujarat,India,4595890.49,Platinum,2025-06-14,33,367671.24,1011095.91,Ahmedabad,India,DEV0242,5472256996112537,RuPay
CUST000243,Aadhya,Gopal,Other,68,Chennai,Tamil Nadu,India,1532728.52,Gold,2022-06-02,5,76636.43,229909.28,Chennai,India,DEV0243,5759876220234134,Visa
CUST000244,Dev,Dar,Male,67,Mumbai,Maharashtra,India,3156150.29,Corporate,2025-09-03,8,315615.03,946845.09,Mumbai,India,DEV0244,5006811492164333,Mastercard
CUST000245,Qasim,Dua,Male,39,Bengaluru,Karnataka,India,681306.94,Regular,2023-04-11,73,13626.14,54504.56,Bengaluru,India,DEV0245,5577848728299790,RuPay
CUST000246,Xiti,Natt,Female,42,Hyderabad,Telangana,India,4930231.68,Platinum,2020-10-29,11,394418.53,1084650.97,Hyderabad,India,DEV0246,5564240082547801,RuPay
CUST000247,Robert,Contractor,Male,50,Pune,Maharashtra,India,1855206.0,Gold,2026-01-10,15,92760.3,278280.9,Pune,India,DEV0247,5085368663266346,Mastercard
CUST000248,Hamsini,Ghose,Other,42,Chennai,Tamil Nadu,India,732902.48,Regular,2023-02-28,68,14658.05,58632.2,Chennai,India,DEV0248,5463122417974970,Visa
CUST000249,Hardik,Ganguly,Male,69,Delhi,Delhi,India,1577458.1,Corporate,2022-10-24,87,157745.81,473237.43,Delhi,India,DEV0249,5144270312073568,RuPay
CUST000250,Sanya,Lal,Female,46,London,England,United Kingdom,798305.09,Regular,2020-04-22,13,15966.1,63864.41,London,United Kingdom,DEV0250,5204618723460132,Mastercard
CUST000251,Yashodhara,Gupta,Other,32,Delhi,Delhi,India,727959.81,Regular,2022-07-25,28,14559.2,58236.78,Delhi,India,DEV0251,4183764520881472,RuPay
CUST000252,Yagnesh,Rao,Male,60,Hyderabad,Telangana,India,2325880.43,Corporate,2024-04-30,41,232588.04,697764.13,Hyderabad,India,DEV0252,5650249163009791,Visa
CUST000253,Krishna,Raju,Male,67,Bengaluru,Karnataka,India,695864.02,Regular,2025-05-25,66,13917.28,55669.12,Bengaluru,India,DEV0253,4500528127358579,Amex
CUST000254,Aashi,Varkey,Female,44,Bengaluru,Karnataka,India,275667.55,Regular,2025-08-29,17,5513.35,22053.4,Bengaluru,India,DEV0254,4784873928557491,Visa
CUST000255,Aishani,Bobal,Other,50,Bengaluru,Karnataka,India,782622.06,Regular,2022-04-11,30,15652.44,62609.76,Bengaluru,India,DEV0255,5857086209593513,Mastercard
CUST000256,Ekta,Parekh,Other,45,Ahmedabad,Gujarat,India,1146610.42,Gold,2024-08-09,48,57330.52,171991.56,Ahmedabad,India,DEV0256,4456511810220311,Visa
CUST000257,Ikbal,Edwin,Male,66,Pune,Maharashtra,India,1741314.18,Gold,2022-01-25,42,87065.71,261197.13,Pune,India,DEV0257,5940539103717053,RuPay
CUST000258,Chaitaly,Padmanabhan,Other,32,Delhi,Delhi,India,3961985.99,Platinum,2025-11-02,28,316958.88,871636.92,Delhi,India,DEV0258,4014138113863385,Amex
CUST000259,Adya,Bobal,Other,74,Mumbai,Maharashtra,India,1822501.85,Gold,2025-01-06,32,91125.09,273375.28,Mumbai,India,DEV0259,5761228685289758,RuPay
CUST000260,Yachana,Chaudhari,Female,43,New York,New York,United States,4278980.06,Platinum,2019-04-27,10,342318.4,941375.61,New York,United States,DEV0260,4398368457760048,Mastercard
CUST000261,Urvi,Kanda,Female,25,Delhi,Delhi,India,394226.36,Regular,2020-02-24,30,7884.53,31538.11,Delhi,India,DEV0261,5504888992107520,RuPay
CUST000262,Zansi,Nadig,Other,69,Hyderabad,Telangana,India,777198.25,Regular,2019-12-25,30,15543.97,62175.86,Hyderabad,India,DEV0262,5196931572791943,Visa
CUST000263,Harish,Mangal,Male,73,Kolkata,West Bengal,India,781142.11,Regular,2026-02-11,39,15622.84,62491.37,Kolkata,India,DEV0263,4613906048058920,Mastercard
CUST000264,Naksh,Rajagopal,Male,31,Pune,Maharashtra,India,4134940.71,Corporate,2019-08-26,25,413494.07,1240482.21,Pune,India,DEV0264,5981364622517904,RuPay
CUST000265,Ekavir,Madan,Male,18,Pune,Maharashtra,India,752986.34,Regular,2024-07-18,43,15059.73,60238.91,Pune,India,DEV0265,5227837693898331,Amex
CUST000266,Prisha,Rege,Female,59,Mumbai,Maharashtra,India,518828.33,Regular,2023-11-29,53,10376.57,41506.27,Mumbai,India,DEV0266,4553559042597929,Mastercard
CUST000267,Qabil,Sarna,Male,56,Kolkata,West Bengal,India,723516.39,Regular,2021-05-14,37,14470.33,57881.31,Kolkata,India,DEV0267,4110392405147709,Mastercard
CUST000268,Krish,Madan,Male,35,Chennai,Tamil Nadu,India,654977.3,Regular,2025-03-27,41,13099.55,52398.18,Chennai,India,DEV0268,4206980420439406,Visa
CUST000269,Yadavi,Thakkar,Female,42,Chennai,Tamil Nadu,India,2360590.05,Gold,2024-09-16,35,118029.5,354088.51,Chennai,India,DEV0269,4510463681579814,Amex
CUST000270,Yashica,Solanki,Other,51,London,England,United Kingdom,849475.58,Regular,2020-03-23,35,16989.51,67958.05,London,United Kingdom,DEV0270,5457620555438404,Visa
CUST000271,Radha,Apte,Other,23,Chennai,Tamil Nadu,India,472161.0,Regular,2019-02-05,22,9443.22,37772.88,Chennai,India,DEV0271,5621689363926492,Mastercard
CUST000272,Chakradev,Kalla,Male,65,Bengaluru,Karnataka,India,694631.61,Regular,2026-07-27,40,13892.63,55570.53,Bengaluru,India,DEV0272,5324826292518811,Mastercard
CUST000273,Ucchal,Basak,Other,35,Delhi,Delhi,India,2308211.04,Gold,2022-10-27,33,115410.55,346231.66,Delhi,India,DEV0273,4664742312209947,Mastercard
CUST000274,Peter,Bala,Male,73,Delhi,Delhi,India,697291.84,Regular,2025-05-30,72,13945.84,55783.35,Delhi,India,DEV0274,5728975267722335,Visa
CUST000275,Wakeeta,Bajaj,Female,42,Pune,Maharashtra,India,686370.41,Regular,2021-08-19,63,13727.41,54909.63,Pune,India,DEV0275,5331279757366092,Amex
CUST000276,Janaki,Palla,Other,32,Delhi,Delhi,India,543546.24,Regular,2024-06-25,41,10870.92,43483.7,Delhi,India,DEV0276,5038860868034763,Amex
CUST000277,Sai,Madan,Male,38,Pune,Maharashtra,India,847371.33,Regular,2022-06-06,21,16947.43,67789.71,Pune,India,DEV0277,4827718129826656,Mastercard
CUST000278,Nirja,Kaur,Female,39,Hyderabad,Telangana,India,2995988.14,Platinum,2026-04-20,14,239679.05,659117.39,Hyderabad,India,DEV0278,5521117518689269,Visa
CUST000279,Indrajit,Mukhopadhyay,Male,30,Kolkata,West Bengal,India,678694.72,Regular,2022-10-24,56,13573.89,54295.58,Kolkata,India,DEV0279,5222206447421234,Visa
CUST000280,Gautami,Dua,Female,22,New York,New York,United States,5489256.38,Platinum,2020-08-29,39,439140.51,1207636.4,New York,United States,DEV0280,5097339776719901,Mastercard
CUST000281,Lohit,Date,Male,33,Bengaluru,Karnataka,India,674629.97,Regular,2021-01-29,43,13492.6,53970.4,Bengaluru,India,DEV0281,4020994510162246,Amex
CUST000282,Upasna,Mahajan,Other,52,Kolkata,West Bengal,India,1825942.01,Corporate,2024-09-29,5,182594.2,547782.6,Kolkata,India,DEV0282,5455616814721456,Mastercard
CUST000283,Lekha,Sarna,Other,55,Hyderabad,Telangana,India,1074883.58,Gold,2019-08-21,51,53744.18,161232.54,Hyderabad,India,DEV0283,5817946954899528,Amex
CUST000284,Kamala,Borde,Female,71,Bengaluru,Karnataka,India,3779969.02,Platinum,2026-04-09,43,302397.52,831593.18,Bengaluru,India,DEV0284,4430107139660558,Visa
CUST000285,Aashi,Devi,Other,71,Hyderabad,Telangana,India,1307068.04,Gold,2026-04-24,15,65353.4,196060.21,Hyderabad,India,DEV0285,4144885015569904,RuPay
CUST000286,Tanvi,Kade,Female,51,Ahmedabad,Gujarat,India,4290390.34,Corporate,2023-01-14,26,429039.03,1287117.1,Ahmedabad,India,DEV0286,4272785760849587,Mastercard
CUST000287,Krishna,Sinha,Other,21,Kolkata,West Bengal,India,2320847.15,Gold,2019-02-04,39,116042.36,348127.07,Kolkata,India,DEV0287,5512405682996298,RuPay
CUST000288,Vanya,Setty,Other,21,Delhi,Delhi,India,306418.56,Regular,2024-11-15,35,6128.37,24513.48,Delhi,India,DEV0288,4357438421503173,Amex
CUST000289,Netra,Kalita,Other,22,Bengaluru,Karnataka,India,850363.9,Regular,2023-01-07,29,17007.28,68029.11,Bengaluru,India,DEV0289,4845218230768105,Visa
CUST000290,Bhavini,Dixit,Female,31,New York,New York,United States,3067065.56,Platinum,2023-03-13,33,245365.24,674754.42,New York,United States,DEV0290,4409435334485715,Mastercard
CUST000291,Zansi,Nagy,Female,33,Mumbai,Maharashtra,India,654914.23,Regular,2022-01-28,30,13098.28,52393.14,Mumbai,India,DEV0291,5813858542493214,Amex
CUST000292,Wazir,Bajwa,Male,51,Bengaluru,Karnataka,India,837140.06,Regular,2019-12-02,37,16742.8,66971.21,Bengaluru,India,DEV0292,4016016629979542,Visa
CUST000293,Veda,Johal,Female,59,Bengaluru,Karnataka,India,771527.82,Regular,2018-11-20,61,15430.56,61722.23,Bengaluru,India,DEV0293,5717477332945628,Amex
CUST000294,Suhani,Jha,Female,46,Delhi,Delhi,India,323376.59,Regular,2024-09-01,5,6467.53,25870.13,Delhi,India,DEV0294,5772459928161583,Amex
CUST000295,Unnati,Mutti,Female,60,Pune,Maharashtra,India,408399.19,Regular,2023-08-01,30,8167.98,32671.94,Pune,India,DEV0295,5276153966958322,Visa
CUST000296,Oni,Randhawa,Other,55,Ahmedabad,Gujarat,India,313475.04,Regular,2018-10-27,38,6269.5,25078.0,Ahmedabad,India,DEV0296,4724619196570135,Mastercard
CUST000297,Yoshita,Sule,Other,30,Bengaluru,Karnataka,India,439477.11,Regular,2018-08-14,40,8789.54,35158.17,Bengaluru,India,DEV0297,5997335494651906,Mastercard
CUST000298,Yashica,Majumdar,Female,55,Delhi,Delhi,India,606775.34,Regular,2019-03-23,28,12135.51,48542.03,Delhi,India,DEV0298,5008514036965665,Mastercard
CUST000299,Pahal,Bala,Other,58,Bengaluru,Karnataka,India,372347.44,Regular,2019-05-18,5,7446.95,29787.8,Bengaluru,India,DEV0299,4656242201027621,Amex
CUST000300,Oni,Ahuja,Female,27,New York,New York,United States,1627030.97,Gold,2023-07-08,40,81351.55,244054.65,New York,United States,DEV0300,5687653269097380,RuPay
CUST000301,Ethan,Handa,Male,49,Delhi,Delhi,India,708173.65,Regular,2019-12-15,66,14163.47,56653.89,Delhi,India,DEV0301,4197128478189133,RuPay
CUST000302,Vanya,Zacharia,Other,36,Delhi,Delhi,India,3372616.42,Corporate,2025-03-27,7,337261.64,1011784.92,Delhi,India,DEV0302,5077879565442090,Visa
CUST000303,Sneha,Radhakrishnan,Other,45,Ahmedabad,Gujarat,India,622359.0,Regular,2021-07-26,50,12447.18,49788.72,Ahmedabad,India,DEV0303,5490471281442947,Visa
CUST000304,Inaya,Cheema,Other,25,Mumbai,Maharashtra,India,2356210.38,Gold,2020-11-07,29,117810.52,353431.56,Mumbai,India,DEV0304,5275243728051291,Amex
CUST000305,Damini,Joshi,Female,36,Hyderabad,Telangana,India,2061598.55,Gold,2025-01-21,33,103079.93,309239.78,Hyderabad,India,DEV0305,4239504102767473,Amex
CUST000306,Tripti,Thakkar,Other,74,Pune,Maharashtra,India,344347.39,Regular,2022-03-21,16,6886.95,27547.79,Pune,India,DEV0306,5604765801856942,RuPay
CUST000307,Aarnav,More,Male,22,Chennai,Tamil Nadu,India,1525846.02,Gold,2022-08-29,28,76292.3,228876.9,Chennai,India,DEV0307,4393852580010619,Amex
CUST000308,Oviya,Johal,Female,29,Hyderabad,Telangana,India,1303033.77,Gold,2023-03-04,58,65151.69,195455.07,Hyderabad,India,DEV0308,4009109391119268,Visa
CUST000309,Siya,Ramachandran,Other,37,Bengaluru,Karnataka,India,553521.13,Regular,2018-08-11,45,11070.42,44281.69,Bengaluru,India,DEV0309,5174654214066504,Mastercard
CUST000310,Vrishti,Viswanathan,Female,26,London,England,United Kingdom,853581.09,Regular,2019-03-11,66,17071.62,68286.49,London,United Kingdom,DEV0310,4962712863917410,Visa
CUST000311,Neha,Rout,Other,74,Chennai,Tamil Nadu,India,930023.67,Gold,2019-05-12,56,46501.18,139503.55,Chennai,India,DEV0311,5720064256908770,Visa
CUST000312,Ladli,Batta,Other,67,Hyderabad,Telangana,India,870200.97,Regular,2022-05-05,42,17404.02,69616.08,Hyderabad,India,DEV0312,5719855460158510,Mastercard
CUST000313,Christopher,Grover,Male,52,Delhi,Delhi,India,3812569.31,Corporate,2021-06-25,66,381256.93,1143770.79,Delhi,India,DEV0313,5461571732030938,Visa
CUST000314,Libni,Guha,Other,59,Chennai,Tamil Nadu,India,877220.0,Regular,2026-04-10,42,17544.4,70177.6,Chennai,India,DEV0314,4700505061387827,Visa
CUST000315,Onveer,Chaudry,Male,62,Bengaluru,Karnataka,India,262390.95,Regular,2019-05-21,49,5247.82,20991.28,Bengaluru,India,DEV0315,4903202041792913,Amex
CUST000316,Chakrika,Sur,Other,68,Hyderabad,Telangana,India,381716.74,Regular,2020-06-17,29,7634.33,30537.34,Hyderabad,India,DEV0316,5565198253092511,Mastercard
CUST000317,Upma,Agate,Female,24,Bengaluru,Karnataka,India,1785452.37,Gold,2021-06-13,36,89272.62,267817.86,Bengaluru,India,DEV0317,4739021962071009,RuPay
CUST000318,Nimrat,Gara,Female,73,Ahmedabad,Gujarat,India,1229856.35,Gold,2024-02-20,22,61492.82,184478.45,Ahmedabad,India,DEV0318,5487632909279140,Visa
CUST000319,Advika,Bera,Other,34,Hyderabad,Telangana,India,891292.29,Regular,2020-04-04,52,17825.85,71303.38,Hyderabad,India,DEV0319,4195883734031272,Mastercard
CUST000320,Varenya,Karnik,Other,38,London,England,United Kingdom,486725.49,Regular,2024-07-11,13,9734.51,38938.04,London,United Kingdom,DEV0320,4364597010822073,Visa
CUST000321,Yug,Sodhi,Male,53,Ahmedabad,Gujarat,India,461882.0,Regular,2020-05-28,49,9237.64,36950.56,Ahmedabad,India,DEV0321,5353153136363177,Visa
CUST000322,Eesha,Setty,Female,26,Bengaluru,Karnataka,India,646131.81,Regular,2019-07-08,31,12922.64,51690.54,Bengaluru,India,DEV0322,4265273543520906,Visa
CUST000323,Gautami,Chandran,Female,66,Ahmedabad,Gujarat,India,744220.73,Regular,2019-03-13,56,14884.41,59537.66,Ahmedabad,India,DEV0323,5349292983168730,Amex
CUST000324,Idika,Munshi,Female,21,Delhi,Delhi,India,2077886.17,Gold,2022-01-20,48,103894.31,311682.93,Delhi,India,DEV0324,4335693929060078,Amex
CUST000325,Vasana,Vala,Other,59,Pune,Maharashtra,India,768711.38,Regular,2024-02-22,67,15374.23,61496.91,Pune,India,DEV0325,5177318063254312,RuPay
CUST000326,Ekapad,Patel,Male,25,Ahmedabad,Gujarat,India,6610076.83,Platinum,2019-10-16,48,528806.15,1454216.9,Ahmedabad,India,DEV0326,5077262570165802,RuPay
CUST000327,Vamakshi,Walia,Other,36,Hyderabad,Telangana,India,1029534.47,Gold,2025-12-05,6,51476.72,154430.17,Hyderabad,India,DEV0327,4508501657905522,Mastercard
CUST000328,Tanish,Merchant,Male,59,Kolkata,West Bengal,India,323812.49,Regular,2024-12-20,33,6476.25,25905.0,Kolkata,India,DEV0328,5793355486401556,Visa
CUST000329,Zarna,Brahmbhatt,Female,37,Chennai,Tamil Nadu,India,489294.8,Regular,2025-09-29,13,9785.9,39143.58,Chennai,India,DEV0329,4137116241124124,Mastercard
CUST000330,Ekanta,Narain,Other,40,London,England,United Kingdom,880223.49,Regular,2026-07-25,25,17604.47,70417.88,London,United Kingdom,DEV0330,5827567043103850,RuPay
CUST000331,Jalsa,Bhargava,Female,18,Ahmedabad,Gujarat,India,618713.58,Regular,2021-10-07,62,12374.27,49497.09,Ahmedabad,India,DEV0331,5424375402547299,Mastercard
CUST000332,Tanveer,Datta,Male,20,Bengaluru,Karnataka,India,325996.27,Regular,2019-05-28,46,6519.93,26079.7,Bengaluru,India,DEV0332,4592745238055253,RuPay
CUST000333,Arin,Guha,Male,35,Delhi,Delhi,India,574621.0,Regular,2021-01-09,22,11492.42,45969.68,Delhi,India,DEV0333,5275208854749296,Visa
CUST000334,Damyanti,Solanki,Other,69,Ahmedabad,Gujarat,India,1987981.53,Corporate,2024-04-15,16,198798.15,596394.46,Ahmedabad,India,DEV0334,4814069375150930,RuPay
CUST000335,Onkar,Kulkarni,Male,65,Delhi,Delhi,India,802143.4,Regular,2025-08-27,35,16042.87,64171.47,Delhi,India,DEV0335,5186375998056267,RuPay
CUST000336,Samesh,Kakar,Male,38,Chennai,Tamil Nadu,India,450255.47,Regular,2021-06-24,13,9005.11,36020.44,Chennai,India,DEV0336,4781376742662995,Mastercard
CUST000337,Riya,Dua,Female,60,Ahmedabad,Gujarat,India,3338553.66,Corporate,2024-06-15,22,333855.37,1001566.1,Ahmedabad,India,DEV0337,4519610646287920,Amex
CUST000338,Ridhi,Wason,Female,45,Ahmedabad,Gujarat,India,787061.4,Regular,2021-12-06,40,15741.23,62964.91,Ahmedabad,India,DEV0338,4947873002447143,Amex
CUST000339,Anjali,Solanki,Other,28,Hyderabad,Telangana,India,747066.93,Regular,2018-11-03,55,14941.34,59765.35,Hyderabad,India,DEV0339,5719597964715896,Mastercard
CUST000340,Tripti,Dhar,Other,58,London,England,United Kingdom,549678.58,Regular,2019-02-13,45,10993.57,43974.29,London,United Kingdom,DEV0340,4252045650448182,Visa
CUST000341,Triya,Khanna,Other,60,Bengaluru,Karnataka,India,817088.04,Regular,2025-05-01,5,16341.76,65367.04,Bengaluru,India,DEV0341,5445189520284571,Mastercard
CUST000342,Victor,Bhatti,Male,21,Hyderabad,Telangana,India,393723.78,Regular,2019-08-29,40,7874.48,31497.9,Hyderabad,India,DEV0342,5389888167112074,RuPay
CUST000343,Ronith,Singh,Male,69,Ahmedabad,Gujarat,India,5787067.52,Platinum,2023-07-06,36,462965.4,1273154.85,Ahmedabad,India,DEV0343,4524013223423212,Visa
CUST000344,Kai,Rastogi,Male,41,Ahmedabad,Gujarat,India,968027.11,Gold,2020-01-01,42,48401.36,145204.07,Ahmedabad,India,DEV0344,4108907140140113,Mastercard
CUST000345,Owen,Kapadia,Male,31,Kolkata,West Bengal,India,344612.04,Regular,2023-08-16,64,6892.24,27568.96,Kolkata,India,DEV0345,4495528938911901,Mastercard
CUST000346,Indali,Thakur,Female,43,Bengaluru,Karnataka,India,3379942.71,Corporate,2021-08-19,5,337994.27,1013982.81,Bengaluru,India,DEV0346,4138759271256639,Amex
CUST000347,Siddharth,Dara,Male,55,Kolkata,West Bengal,India,321705.5,Regular,2019-12-23,24,6434.11,25736.44,Kolkata,India,DEV0347,5275480157164798,Mastercard
CUST000348,Hema,Jhaveri,Other,32,Pune,Maharashtra,India,805987.68,Regular,2022-04-23,45,16119.75,64479.01,Pune,India,DEV0348,5317520716781126,Visa
CUST000349,Zaitra,Saha,Other,21,Bengaluru,Karnataka,India,883884.87,Regular,2019-10-19,6,17677.7,70710.79,Bengaluru,India,DEV0349,5539613674994653,Amex
CUST000350,Falguni,Kadakia,Other,64,Singapore,Singapore,Singapore,545512.58,Regular,2024-05-10,61,10910.25,43641.01,Singapore,Singapore,DEV0350,5147732010170262,Mastercard
CUST000351,Indali,Choudhry,Female,49,Mumbai,Maharashtra,India,1957728.97,Gold,2019-04-18,41,97886.45,293659.35,Mumbai,India,DEV0351,5877347784858803,Visa
CUST000352,Vasudha,Khanna,Female,74,Ahmedabad,Gujarat,India,494618.77,Regular,2024-08-03,50,9892.38,39569.5,Ahmedabad,India,DEV0352,5700284276246711,Amex
CUST000353,Waida,Aurora,Female,52,Bengaluru,Karnataka,India,504400.13,Regular,2025-12-31,24,10088.0,40352.01,Bengaluru,India,DEV0353,4796954500902557,RuPay
CUST000354,Odika,Banerjee,Female,47,Mumbai,Maharashtra,India,894764.59,Regular,2022-11-05,49,17895.29,71581.17,Mumbai,India,DEV0354,5650333491141523,Visa
CUST000355,Vrishti,Ravi,Female,37,Pune,Maharashtra,India,835916.4,Regular,2019-02-02,54,16718.33,66873.31,Pune,India,DEV0355,5407905696591712,Amex
CUST000356,Shravya,Sandal,Other,22,Kolkata,West Bengal,India,444688.58,Regular,2025-06-28,39,8893.77,35575.09,Kolkata,India,DEV0356,4637183440496398,RuPay
CUST000357,Aarna,Pingle,Female,49,Mumbai,Maharashtra,India,595191.38,Regular,2025-04-17,39,11903.83,47615.31,Mumbai,India,DEV0357,5635148468536646,Mastercard
CUST000358,Hemang,Gara,Male,69,Bengaluru,Karnataka,India,388419.32,Regular,2019-03-18,39,7768.39,31073.55,Bengaluru,India,DEV0358,5748969083572324,Amex
CUST000359,Nidhi,Sabharwal,Female,56,Mumbai,Maharashtra,India,2253547.17,Gold,2025-01-08,19,112677.36,338032.08,Mumbai,India,DEV0359,5442493631230347,Amex
CUST000360,Megha,Kumer,Female,58,London,England,United Kingdom,427262.78,Regular,2025-05-23,32,8545.26,34181.02,London,United Kingdom,DEV0360,5044820700159416,Visa
CUST000361,Vaishnavi,Dyal,Female,27,Bengaluru,Karnataka,India,621132.7,Regular,2024-12-08,32,12422.65,49690.62,Bengaluru,India,DEV0361,4818984713915593,Amex
CUST000362,Naveen,Bedi,Male,55,Bengaluru,Karnataka,India,389170.61,Regular,2019-02-18,41,7783.41,31133.65,Bengaluru,India,DEV0362,5476490785158670,Mastercard
CUST000363,Nisha,Manda,Female,40,Ahmedabad,Gujarat,India,2214184.59,Gold,2018-12-16,52,110709.23,332127.69,Ahmedabad,India,DEV0363,4090034864518378,Amex
CUST000364,Chandani,Kata,Female,52,Chennai,Tamil Nadu,India,784760.02,Regular,2020-04-02,15,15695.2,62780.8,Chennai,India,DEV0364,4343275604177656,Mastercard
CUST000365,Darika,Dewan,Other,24,Chennai,Tamil Nadu,India,478706.63,Regular,2024-09-10,32,9574.13,38296.53,Chennai,India,DEV0365,4985700272063457,Visa
CUST000366,Balendra,Deshpande,Male,69,Hyderabad,Telangana,India,880281.98,Regular,2023-12-28,61,17605.64,70422.56,Hyderabad,India,DEV0366,5296577242954319,Mastercard
CUST000367,Chaman,Lall,Female,71,Pune,Maharashtra,India,4595195.01,Corporate,2023-03-26,21,459519.5,1378558.5,Pune,India,DEV0367,5300893173420694,Mastercard
CUST000368,Oscar,Randhawa,Male,69,Kolkata,West Bengal,India,618707.88,Regular,2023-05-16,20,12374.16,49496.63,Kolkata,India,DEV0368,4086771333447623,Mastercard
CUST000369,Krishna,Sarin,Female,70,Hyderabad,Telangana,India,515540.67,Regular,2026-02-07,38,10310.81,41243.25,Hyderabad,India,DEV0369,5204439735971073,Amex
CUST000370,Indali,Kohli,Other,43,Dubai,Dubai,UAE,2033525.07,Gold,2025-05-05,50,101676.25,305028.76,Dubai,UAE,DEV0370,5941180053759905,Amex
CUST000371,Lakshmi,Ratti,Female,52,Pune,Maharashtra,India,1111581.21,Gold,2020-04-16,35,55579.06,166737.18,Pune,India,DEV0371,4809242875721582,RuPay
CUST000372,Gavin,Kadakia,Male,56,Kolkata,West Bengal,India,333116.47,Regular,2025-09-27,58,6662.33,26649.32,Kolkata,India,DEV0372,5456449485625729,Visa
CUST000373,Onveer,Dada,Male,70,Bengaluru,Karnataka,India,369041.86,Regular,2024-04-23,50,7380.84,29523.35,Bengaluru,India,DEV0373,4742761707587771,Visa
CUST000374,Forum,Yadav,Female,46,Mumbai,Maharashtra,India,434675.69,Regular,2026-02-02,50,8693.51,34774.06,Mumbai,India,DEV0374,4284993908926135,RuPay
CUST000375,Fariq,Date,Male,40,Chennai,Tamil Nadu,India,1989023.06,Gold,2022-05-08,44,99451.15,298353.46,Chennai,India,DEV0375,4659152017774904,Amex
CUST000376,Aachal,Lall,Female,70,Bengaluru,Karnataka,India,281643.46,Regular,2023-12-10,76,5632.87,22531.48,Bengaluru,India,DEV0376,4450189616423614,Mastercard
CUST000377,Osha,Mallick,Female,69,Pune,Maharashtra,India,739163.07,Regular,2024-01-22,31,14783.26,59133.05,Pune,India,DEV0377,5214764925158373,Amex
CUST000378,Bhavani,Iyer,Female,18,Pune,Maharashtra,India,524648.63,Regular,2023-01-22,5,10492.97,41971.89,Pune,India,DEV0378,4592661085732785,RuPay
CUST000379,Ijaya,Varma,Female,44,Pune,Maharashtra,India,771004.05,Regular,2025-03-15,63,15420.08,61680.32,Pune,India,DEV0379,5422438649081081,Amex
CUST000380,Bahadurjit,Madan,Male,61,New York,New York,United States,1809565.14,Gold,2020-12-12,26,90478.26,271434.77,New York,United States,DEV0380,5454918017226016,RuPay
CUST000381,Yamini,Date,Other,54,Ahmedabad,Gujarat,India,1619916.65,Gold,2024-08-16,36,80995.83,242987.5,Ahmedabad,India,DEV0381,4452321941680067,Mastercard
CUST000382,Sai,Anne,Other,64,Ahmedabad,Gujarat,India,513309.54,Regular,2020-03-06,58,10266.19,41064.76,Ahmedabad,India,DEV0382,4974995641220317,Visa
CUST000383,Champak,Muni,Male,37,Ahmedabad,Gujarat,India,1939583.72,Gold,2021-06-29,6,96979.19,290937.56,Ahmedabad,India,DEV0383,5683147276012273,Visa
CUST000384,Januja,Sathe,Female,31,Hyderabad,Telangana,India,620129.8,Regular,2021-09-26,12,12402.6,49610.38,Hyderabad,India,DEV0384,5605016679984077,Amex
CUST000385,Yatan,Bassi,Male,31,Delhi,Delhi,India,524302.96,Regular,2020-12-22,6,10486.06,41944.24,Delhi,India,DEV0385,4581467179576025,Amex
CUST000386,Lakshmi,Ratti,Female,40,Ahmedabad,Gujarat,India,392806.52,Regular,2025-02-16,20,7856.13,31424.52,Ahmedabad,India,DEV0386,4597246657293419,Mastercard
CUST000387,Warinder,Bhandari,Male,27,Bengaluru,Karnataka,India,1061445.96,Gold,2019-01-12,42,53072.3,159216.89,Bengaluru,India,DEV0387,4674338005452281,RuPay
CUST000388,Vaishnavi,Seshadri,Female,55,Mumbai,Maharashtra,India,1093100.85,Gold,2024-10-11,44,54655.04,163965.13,Mumbai,India,DEV0388,4374550842891079,Visa
CUST000389,Hiral,Garg,Other,28,Mumbai,Maharashtra,India,2730831.9,Platinum,2024-11-17,39,218466.55,600783.02,Mumbai,India,DEV0389,4121352478712555,Mastercard
CUST000390,Aarna,Kala,Female,53,New York,New York,United States,910540.12,Gold,2023-05-17,9,45527.01,136581.02,New York,United States,DEV0390,4754821456532863,Amex
CUST000391,Janaki,Bava,Female,49,Pune,Maharashtra,India,7735122.98,Platinum,2020-03-28,5,618809.84,1701727.05,Pune,India,DEV0391,5850720811556260,Visa
CUST000392,Kavya,Dhawan,Other,69,Bengaluru,Karnataka,India,1702334.4,Corporate,2023-11-13,35,170233.44,510700.32,Bengaluru,India,DEV0392,4846684550489269,Amex
CUST000393,Ekiya,Basak,Other,58,Kolkata,West Bengal,India,6798597.01,Platinum,2023-05-15,26,543887.76,1495691.34,Kolkata,India,DEV0393,5634108562884315,RuPay
CUST000394,Vanya,Saini,Other,33,Bengaluru,Karnataka,India,828707.57,Regular,2024-07-06,43,16574.15,66296.61,Bengaluru,India,DEV0394,4894346810548514,Amex
CUST000395,Suhani,Randhawa,Female,54,Delhi,Delhi,India,888917.87,Regular,2020-05-02,47,17778.36,71113.43,Delhi,India,DEV0395,4998935449268310,RuPay
CUST000396,Kavya,Solanki,Female,21,Mumbai,Maharashtra,India,526699.89,Regular,2022-02-17,37,10534.0,42135.99,Mumbai,India,DEV0396,5611062737158699,RuPay
CUST000397,Ikshita,Raj,Other,27,Ahmedabad,Gujarat,India,2494418.84,Gold,2020-09-22,48,124720.94,374162.83,Ahmedabad,India,DEV0397,4762282772881375,Mastercard
CUST000398,Januja,Chaudhry,Other,49,Kolkata,West Bengal,India,1915681.21,Corporate,2021-05-06,39,191568.12,574704.36,Kolkata,India,DEV0398,5611594082154548,Visa
CUST000399,Veer,Kala,Male,49,Bengaluru,Karnataka,India,1574811.15,Gold,2022-10-15,44,78740.56,236221.67,Bengaluru,India,DEV0399,5443270185106798,RuPay
CUST000400,Aahana,Jaggi,Female,53,New York,New York,United States,7085259.06,Platinum,2025-11-07,22,566820.72,1558756.99,New York,United States,DEV0400,5228777251996632,Visa
CUST000401,Eesha,Sahni,Other,56,Ahmedabad,Gujarat,India,1933466.45,Gold,2025-11-28,31,96673.32,290019.97,Ahmedabad,India,DEV0401,4209481813989093,Amex
CUST000402,Jalsa,Mishra,Other,61,Delhi,Delhi,India,858518.18,Regular,2018-08-15,38,17170.36,68681.45,Delhi,India,DEV0402,4204339718956908,RuPay
CUST000403,Kashvi,Buch,Female,70,Bengaluru,Karnataka,India,808771.47,Regular,2023-05-22,49,16175.43,64701.72,Bengaluru,India,DEV0403,5564111824224125,Mastercard
CUST000404,Rayaan,Sodhi,Male,71,Kolkata,West Bengal,India,713645.41,Regular,2021-01-05,27,14272.91,57091.63,Kolkata,India,DEV0404,4461526546103398,Amex
CUST000405,Varsha,Misra,Other,53,Pune,Maharashtra,India,2442506.34,Corporate,2022-11-18,44,244250.63,732751.9,Pune,India,DEV0405,4578617063048918,RuPay
CUST000406,Charvi,Goel,Other,70,Pune,Maharashtra,India,800080.6,Regular,2026-07-06,30,16001.61,64006.45,Pune,India,DEV0406,5832582386870070,Mastercard
CUST000407,Jatin,Zacharia,Male,55,Delhi,Delhi,India,3187651.91,Corporate,2018-10-24,32,318765.19,956295.57,Delhi,India,DEV0407,5946539840289144,Visa
CUST000408,Umang,Bumb,Male,22,Chennai,Tamil Nadu,India,3659675.97,Platinum,2024-11-19,49,292774.08,805128.71,Chennai,India,DEV0408,4855474355379500,Amex
CUST000409,Qasim,Borde,Male,75,Delhi,Delhi,India,1561060.85,Gold,2022-03-10,5,78053.04,234159.13,Delhi,India,DEV0409,4768118071569564,Visa
CUST000410,Pahal,Mahal,Female,53,Singapore,Singapore,Singapore,3056021.8,Corporate,2023-10-27,11,305602.18,916806.54,Singapore,Singapore,DEV0410,4304531943375044,Visa
CUST000411,Bahadurjit,Sunder,Male,73,Pune,Maharashtra,India,430275.91,Regular,2024-11-09,8,8605.52,34422.07,Pune,India,DEV0411,4872839992192127,RuPay
CUST000412,Kalpit,Rege,Male,66,Delhi,Delhi,India,3925450.35,Corporate,2020-02-09,5,392545.04,1177635.11,Delhi,India,DEV0412,5894870605664181,RuPay
CUST000413,Kala,Bhatia,Other,44,Delhi,Delhi,India,3735015.13,Platinum,2022-09-18,22,298801.21,821703.33,Delhi,India,DEV0413,4468750635190368,Mastercard
CUST000414,Nathan,Bora,Male,51,Kolkata,West Bengal,India,656896.55,Regular,2020-03-22,48,13137.93,52551.72,Kolkata,India,DEV0414,4107609543173503,Visa
CUST000415,Aachal,Dey,Other,27,Ahmedabad,Gujarat,India,1900558.01,Gold,2020-05-08,29,95027.9,285083.7,Ahmedabad,India,DEV0415,4911006512070490,Visa
CUST000416,Amara,Padmanabhan,Other,52,Delhi,Delhi,India,441695.9,Regular,2025-05-09,38,8833.92,35335.67,Delhi,India,DEV0416,4661963990767693,RuPay
CUST000417,Falak,Mody,Other,46,Delhi,Delhi,India,463325.88,Regular,2023-12-01,54,9266.52,37066.07,Delhi,India,DEV0417,5311091939284565,Mastercard
CUST000418,Shaurya,Ray,Male,55,Bengaluru,Karnataka,India,996785.89,Gold,2021-12-23,58,49839.29,149517.88,Bengaluru,India,DEV0418,5496854982274956,Visa
CUST000419,Anya,Sachar,Other,68,Bengaluru,Karnataka,India,579620.11,Regular,2023-07-20,33,11592.4,46369.61,Bengaluru,India,DEV0419,5806533315377954,RuPay
CUST000420,Yamini,Wadhwa,Female,74,Singapore,Singapore,Singapore,545296.36,Regular,2020-03-13,59,10905.93,43623.71,Singapore,Singapore,DEV0420,4073033793375635,Visa
CUST000421,Bina,Rajagopal,Female,30,Delhi,Delhi,India,269511.43,Regular,2021-01-16,36,5390.23,21560.91,Delhi,India,DEV0421,4124739500334231,RuPay
CUST000422,Adya,Sarin,Other,58,Hyderabad,Telangana,India,263969.82,Regular,2025-12-19,19,5279.4,21117.59,Hyderabad,India,DEV0422,5410261534735527,Visa
CUST000423,Jatin,Dhaliwal,Male,38,Bengaluru,Karnataka,India,3219370.74,Platinum,2022-10-09,24,257549.66,708261.56,Bengaluru,India,DEV0423,4338655963099385,RuPay
CUST000424,Champak,Ghosh,Male,53,Delhi,Delhi,India,1348117.29,Gold,2020-01-30,8,67405.86,202217.59,Delhi,India,DEV0424,5289731791286857,Mastercard
CUST000425,Xiti,Patla,Female,43,Kolkata,West Bengal,India,564143.09,Regular,2019-12-13,19,11282.86,45131.45,Kolkata,India,DEV0425,5774969033373638,Amex
CUST000426,Eiravati,Goswami,Other,23,Bengaluru,Karnataka,India,2809375.74,Corporate,2018-09-04,28,280937.57,842812.72,Bengaluru,India,DEV0426,5812147853907897,Amex
CUST000427,Unni,Kale,Female,70,Pune,Maharashtra,India,772927.9,Regular,2020-04-11,49,15458.56,61834.23,Pune,India,DEV0427,4546027341514889,RuPay
CUST000428,Aditya,Wali,Male,71,Mumbai,Maharashtra,India,484153.98,Regular,2024-04-11,65,9683.08,38732.32,Mumbai,India,DEV0428,5835354443928409,RuPay
CUST000429,Omisha,Dhawan,Female,74,Pune,Maharashtra,India,6667933.41,Platinum,2021-08-03,10,533434.67,1466945.35,Pune,India,DEV0429,5078263337389876,Visa
CUST000430,Bishakha,Saha,Female,51,Dubai,Dubai,UAE,862254.36,Regular,2021-03-21,42,17245.09,68980.35,Dubai,UAE,DEV0430,4637780529240759,Amex
CUST000431,Divya,Chandra,Female,53,Pune,Maharashtra,India,2004829.77,Gold,2021-06-30,16,100241.49,300724.47,Pune,India,DEV0431,4459090225999966,Amex
CUST000432,Pranit,Basak,Male,71,Pune,Maharashtra,India,320614.93,Regular,2021-07-31,43,6412.3,25649.19,Pune,India,DEV0432,5974121820970235,RuPay
CUST000433,Manbir,Gera,Male,35,Hyderabad,Telangana,India,590857.2,Regular,2024-10-11,32,11817.14,47268.58,Hyderabad,India,DEV0433,4705802566212861,Amex
CUST000434,Kevin,Mahal,Male,43,Bengaluru,Karnataka,India,4203664.47,Platinum,2023-06-26,5,336293.16,924806.18,Bengaluru,India,DEV0434,5729949387430273,Mastercard
CUST000435,Udyati,Doctor,Other,44,Kolkata,West Bengal,India,4577337.87,Corporate,2022-12-01,51,457733.79,1373201.36,Kolkata,India,DEV0435,5779014754692637,Amex
CUST000436,Sanya,Nagy,Female,26,Bengaluru,Karnataka,India,1052854.67,Gold,2023-02-20,24,52642.73,157928.2,Bengaluru,India,DEV0436,5032484137681517,Amex
CUST000437,Brinda,Sridhar,Female,65,Bengaluru,Karnataka,India,578941.97,Regular,2020-05-05,25,11578.84,46315.36,Bengaluru,India,DEV0437,5701765636004126,Amex
CUST000438,Rajeshri,Khatri,Female,29,Mumbai,Maharashtra,India,677064.69,Regular,2021-03-23,15,13541.29,54165.18,Mumbai,India,DEV0438,4727422091241869,Visa
CUST000439,Tanvi,Hari,Other,50,Chennai,Tamil Nadu,India,482756.54,Regular,2024-04-29,23,9655.13,38620.52,Chennai,India,DEV0439,5308370816470905,Mastercard
CUST000440,Shivansh,Dutta,Male,43,Singapore,Singapore,Singapore,2199949.92,Corporate,2023-11-12,42,219994.99,659984.98,Singapore,Singapore,DEV0440,5060053131220681,RuPay
CUST000441,Yutika,Maharaj,Other,58,Hyderabad,Telangana,India,2394923.79,Gold,2026-02-12,31,119746.19,359238.57,Hyderabad,India,DEV0441,5661331552065060,Mastercard
CUST000442,Jackson,Dhawan,Male,23,Chennai,Tamil Nadu,India,1490367.94,Gold,2023-02-03,40,74518.4,223555.19,Chennai,India,DEV0442,4136497189241954,RuPay
CUST000443,Chanakya,Parmer,Male,61,Kolkata,West Bengal,India,3832297.06,Corporate,2021-12-11,41,383229.71,1149689.12,Kolkata,India,DEV0443,4150997683890304,RuPay
CUST000444,Ethan,Din,Male,60,Pune,Maharashtra,India,1891625.97,Gold,2018-09-24,58,94581.3,283743.89,Pune,India,DEV0444,5025743263039753,RuPay
CUST000445,Neelima,Shankar,Other,56,Delhi,Delhi,India,885418.88,Regular,2025-02-11,28,17708.38,70833.51,Delhi,India,DEV0445,4403553380339680,Amex
CUST000446,Nikita,Saran,Other,36,Delhi,Delhi,India,569567.49,Regular,2019-07-28,8,11391.35,45565.4,Delhi,India,DEV0446,5302321298338162,Mastercard
CUST000447,Eshana,Das,Other,47,Hyderabad,Telangana,India,364683.08,Regular,2019-05-21,54,7293.66,29174.65,Hyderabad,India,DEV0447,5344973471566278,Amex
CUST000448,Mason,Kakar,Male,19,Ahmedabad,Gujarat,India,497922.55,Regular,2025-09-13,29,9958.45,39833.8,Ahmedabad,India,DEV0448,5149828246747463,Visa
CUST000449,Priya,Ratti,Female,63,Bengaluru,Karnataka,India,1213145.2,Gold,2022-01-29,55,60657.26,181971.78,Bengaluru,India,DEV0449,5300857666567499,Visa
CUST000450,Ishaan,Chandra,Male,67,New York,New York,United States,2068268.34,Corporate,2021-08-04,41,206826.83,620480.5,New York,United States,DEV0450,4645875066337050,RuPay
CUST000451,Pallavi,Mohan,Other,48,Ahmedabad,Gujarat,India,2015785.86,Corporate,2026-07-11,32,201578.59,604735.76,Ahmedabad,India,DEV0451,5399201166918366,RuPay
CUST000452,Zilmil,Narang,Other,49,Chennai,Tamil Nadu,India,596580.85,Regular,2021-10-19,41,11931.62,47726.47,Chennai,India,DEV0452,5694611952436404,Visa
CUST000453,Zehaan,Sundaram,Male,18,Mumbai,Maharashtra,India,1568543.37,Gold,2019-09-21,70,78427.17,235281.51,Mumbai,India,DEV0453,4646225223728175,Mastercard
CUST000454,Chandresh,Golla,Male,60,Delhi,Delhi,India,2194685.8,Gold,2021-01-30,72,109734.29,329202.87,Delhi,India,DEV0454,4346791214161419,Mastercard
CUST000455,Adweta,Sami,Female,23,Ahmedabad,Gujarat,India,1061294.63,Gold,2020-10-16,36,53064.73,159194.19,Ahmedabad,India,DEV0455,5040901380698479,Amex
CUST000456,Bishakha,Arya,Female,44,Kolkata,West Bengal,India,1448923.92,Gold,2021-05-02,37,72446.2,217338.59,Kolkata,India,DEV0456,4535669055107624,RuPay
CUST000457,Chakrika,Hans,Other,69,Hyderabad,Telangana,India,651928.6,Regular,2021-09-09,54,13038.57,52154.29,Hyderabad,India,DEV0457,4786305050573978,RuPay
CUST000458,Lopa,Iyengar,Female,20,Ahmedabad,Gujarat,India,4499850.0,Corporate,2018-11-13,19,449985.0,1349955.0,Ahmedabad,India,DEV0458,5164932898027142,Mastercard
CUST000459,Nidhi,Varma,Female,58,Mumbai,Maharashtra,India,601434.14,Regular,2020-05-18,40,12028.68,48114.73,Mumbai,India,DEV0459,4332116025643479,Amex
CUST000460,Theodore,Krishnamurthy,Male,52,Singapore,Singapore,Singapore,7624789.75,Platinum,2025-04-23,34,609983.18,1677453.75,Singapore,Singapore,DEV0460,5915668633414112,Mastercard
CUST000461,Damini,More,Other,52,Mumbai,Maharashtra,India,332821.35,Regular,2021-09-14,40,6656.43,26625.71,Mumbai,India,DEV0461,4569040983665522,Visa
CUST000462,Vaishnavi,Kale,Female,28,Delhi,Delhi,India,549391.8,Regular,2019-08-01,19,10987.84,43951.34,Delhi,India,DEV0462,5243772942095480,Amex
CUST000463,Chaaya,Sidhu,Other,54,Hyderabad,Telangana,India,707691.31,Regular,2022-03-24,6,14153.83,56615.3,Hyderabad,India,DEV0463,5605233027642089,Amex
CUST000464,Janani,Krishnan,Other,20,Ahmedabad,Gujarat,India,4151999.65,Corporate,2026-03-17,5,415199.96,1245599.89,Ahmedabad,India,DEV0464,4618443861259049,Mastercard
CUST000465,Zansi,Kale,Female,29,Ahmedabad,Gujarat,India,344134.87,Regular,2023-06-18,14,6882.7,27530.79,Ahmedabad,India,DEV0465,4330591266201578,Visa
CUST000466,Mitali,Bava,Other,68,Kolkata,West Bengal,India,880322.53,Regular,2021-02-24,26,17606.45,70425.8,Kolkata,India,DEV0466,5630136749261761,RuPay
CUST000467,Joshua,Barad,Male,24,Mumbai,Maharashtra,India,329333.52,Regular,2026-01-11,29,6586.67,26346.68,Mumbai,India,DEV0467,4830999741926768,Visa
CUST000468,Yutika,Dave,Female,48,Mumbai,Maharashtra,India,2279536.78,Gold,2020-02-07,69,113976.84,341930.52,Mumbai,India,DEV0468,4826068887189818,Mastercard
CUST000469,Rajeshri,Sarraf,Other,42,Bengaluru,Karnataka,India,540701.37,Regular,2022-06-24,54,10814.03,43256.11,Bengaluru,India,DEV0469,5510293218401182,Mastercard
CUST000470,Vritti,Chanda,Female,23,London,England,United Kingdom,280008.07,Regular,2025-07-10,17,5600.16,22400.65,London,United Kingdom,DEV0470,4848729758598839,Mastercard
CUST000471,Xavier,Kala,Male,37,Hyderabad,Telangana,India,806455.36,Regular,2020-02-18,41,16129.11,64516.43,Hyderabad,India,DEV0471,5329839542961842,Mastercard
CUST000472,Aachal,Deo,Female,40,Ahmedabad,Gujarat,India,415216.61,Regular,2026-06-19,27,8304.33,33217.33,Ahmedabad,India,DEV0472,5628314359892620,Amex
CUST000473,Aarnav,Sahni,Male,56,Hyderabad,Telangana,India,331003.8,Regular,2026-01-23,29,6620.08,26480.3,Hyderabad,India,DEV0473,4186151554234013,Amex
CUST000474,Chatura,Parsa,Male,40,Mumbai,Maharashtra,India,723412.82,Regular,2026-06-21,38,14468.26,57873.03,Mumbai,India,DEV0474,5497185948491024,Mastercard
CUST000475,Unni,Rajagopal,Female,74,Pune,Maharashtra,India,332921.93,Regular,2022-10-14,46,6658.44,26633.75,Pune,India,DEV0475,5082226940539678,RuPay
CUST000476,Harita,Raghavan,Female,49,Chennai,Tamil Nadu,India,528047.3,Regular,2023-01-15,28,10560.95,42243.78,Chennai,India,DEV0476,5341465111312900,Amex
CUST000477,Yatin,Varghese,Male,49,Pune,Maharashtra,India,2391906.27,Gold,2019-07-23,54,119595.31,358785.94,Pune,India,DEV0477,4277881609306851,Amex
CUST000478,Krishna,Gupta,Male,71,Hyderabad,Telangana,India,488583.11,Regular,2021-07-08,14,9771.66,39086.65,Hyderabad,India,DEV0478,5285067625153813,Amex
CUST000479,Shivani,Ratta,Female,48,Chennai,Tamil Nadu,India,729716.72,Regular,2023-09-02,35,14594.33,58377.34,Chennai,India,DEV0479,5963480797050977,RuPay
CUST000480,Peter,Sekhon,Male,35,London,England,United Kingdom,719581.83,Regular,2024-11-18,81,14391.64,57566.55,London,United Kingdom,DEV0480,4650167318826176,RuPay
CUST000481,Yuvraj,Gandhi,Male,36,Ahmedabad,Gujarat,India,444535.22,Regular,2021-11-22,39,8890.7,35562.82,Ahmedabad,India,DEV0481,4628417722560538,RuPay
CUST000482,Abeer,Om,Male,47,Bengaluru,Karnataka,India,733550.59,Regular,2021-12-06,60,14671.01,58684.05,Bengaluru,India,DEV0482,4023741678725688,Visa
CUST000483,Ishaan,Sahota,Male,71,Delhi,Delhi,India,473678.36,Regular,2021-04-14,36,9473.57,37894.27,Delhi,India,DEV0483,4030569067447168,Mastercard
CUST000484,Orinder,D’Alia,Male,61,Chennai,Tamil Nadu,India,2282666.89,Gold,2018-08-30,45,114133.34,342400.03,Chennai,India,DEV0484,4363718923923124,RuPay
CUST000485,Xavier,Patel,Male,24,Bengaluru,Karnataka,India,650703.78,Regular,2026-03-13,33,13014.08,52056.3,Bengaluru,India,DEV0485,5106684335670869,Visa
CUST000486,Tamanna,Sarkar,Female,45,Kolkata,West Bengal,India,478165.93,Regular,2022-09-23,31,9563.32,38253.27,Kolkata,India,DEV0486,5635020005347498,Mastercard
CUST000487,Nimrat,Dutt,Female,40,Ahmedabad,Gujarat,India,447831.85,Regular,2023-12-28,20,8956.64,35826.55,Ahmedabad,India,DEV0487,5108255598953437,Visa
CUST000488,Gavin,Sidhu,Male,71,Bengaluru,Karnataka,India,1862936.2,Gold,2026-05-17,42,93146.81,279440.43,Bengaluru,India,DEV0488,4093371189547389,Mastercard
CUST000489,Hardik,Sarna,Male,63,Pune,Maharashtra,India,414141.58,Regular,2021-01-03,19,8282.83,33131.33,Pune,India,DEV0489,4855716176880298,RuPay
CUST000490,Abhiram,Goda,Male,18,London,England,United Kingdom,2010085.33,Gold,2021-01-07,46,100504.27,301512.8,London,United Kingdom,DEV0490,4678812786866941,Visa
CUST000491,Yuvraj,Gara,Male,27,Hyderabad,Telangana,India,255759.86,Regular,2020-04-29,54,5115.2,20460.79,Hyderabad,India,DEV0491,4878844344812309,RuPay
CUST000492,Bachittar,Pall,Male,53,Bengaluru,Karnataka,India,2472147.76,Corporate,2020-05-08,41,247214.78,741644.33,Bengaluru,India,DEV0492,4240338105955183,Amex
CUST000493,Edhitha,Tara,Other,42,Chennai,Tamil Nadu,India,287221.23,Regular,2024-03-18,29,5744.42,22977.7,Chennai,India,DEV0493,5053424089164980,Mastercard
CUST000494,Nidra,Solanki,Female,50,Chennai,Tamil Nadu,India,659370.43,Regular,2018-10-27,43,13187.41,52749.63,Chennai,India,DEV0494,5627365271727227,Mastercard
CUST000495,Radhika,Varma,Other,33,Chennai,Tamil Nadu,India,355897.12,Regular,2022-02-28,29,7117.94,28471.77,Chennai,India,DEV0495,4269312163761826,Amex
CUST000496,Qushi,Chandra,Female,70,Delhi,Delhi,India,258808.84,Regular,2024-08-11,51,5176.18,20704.71,Delhi,India,DEV0496,5023142900185139,Amex
CUST000497,Qadim,Chopra,Male,28,Chennai,Tamil Nadu,India,350433.66,Regular,2023-09-20,5,7008.67,28034.69,Chennai,India,DEV0497,4084810018418623,Visa
CUST000498,Thomas,Dhaliwal,Male,70,Pune,Maharashtra,India,479651.44,Regular,2024-08-21,28,9593.03,38372.12,Pune,India,DEV0498,5436172131451956,Visa
CUST000499,Advay,Ratti,Male,18,Bengaluru,Karnataka,India,594812.42,Regular,2023-11-21,5,11896.25,47584.99,Bengaluru,India,DEV0499,4926249451475415,Mastercard
CUST000500,Dipta,Sathe,Female,62,Dubai,Dubai,UAE,718873.25,Regular,2018-11-02,8,14377.47,57509.86,Dubai,UAE,DEV0500,5711964215226557,Amex
CUST000501,Kavya,Ravi,Other,60,Pune,Maharashtra,India,1918566.7,Gold,2019-05-26,59,95928.33,287785.0,Pune,India,DEV0501,5236687887883613,Mastercard
CUST000502,Diya,Bath,Other,29,Mumbai,Maharashtra,India,251862.97,Regular,2020-09-10,51,5037.26,20149.04,Mumbai,India,DEV0502,4058721055247287,Mastercard
CUST000503,Gavin,Rege,Male,32,Delhi,Delhi,India,1087577.29,Gold,2022-07-06,22,54378.86,163136.59,Delhi,India,DEV0503,4260650191792026,Visa
CUST000504,Manan,Datta,Male,65,Mumbai,Maharashtra,India,790194.2,Regular,2019-08-02,7,15803.88,63215.54,Mumbai,India,DEV0504,4622728476570411,Visa
CUST000505,Odika,Das,Other,41,Bengaluru,Karnataka,India,257063.92,Regular,2022-08-16,5,5141.28,20565.11,Bengaluru,India,DEV0505,4678498436241860,Amex
CUST000506,Leela,Wali,Other,65,Delhi,Delhi,India,369400.95,Regular,2020-02-20,25,7388.02,29552.08,Delhi,India,DEV0506,4891775662056341,Visa
CUST000507,Triya,Misra,Female,25,Kolkata,West Bengal,India,433434.51,Regular,2022-09-21,78,8668.69,34674.76,Kolkata,India,DEV0507,4811390438303411,Amex
CUST000508,Wriddhish,Palla,Male,44,Delhi,Delhi,India,863280.94,Regular,2022-11-06,42,17265.62,69062.48,Delhi,India,DEV0508,4054683565215689,Visa
CUST000509,Jagrati,Sarkar,Other,39,Pune,Maharashtra,India,814728.03,Regular,2021-01-25,24,16294.56,65178.24,Pune,India,DEV0509,5042271133228898,Amex
CUST000510,Indrajit,Kaul,Male,31,Singapore,Singapore,Singapore,655256.0,Regular,2020-05-08,43,13105.12,52420.48,Singapore,Singapore,DEV0510,4606339912971021,Amex
CUST000511,Chakradev,Dhar,Male,34,Ahmedabad,Gujarat,India,857136.38,Regular,2024-04-07,6,17142.73,68570.91,Ahmedabad,India,DEV0511,4214955112747474,Amex
CUST000512,Harshil,Kara,Male,18,Kolkata,West Bengal,India,4705165.68,Platinum,2021-02-06,29,376413.25,1035136.45,Kolkata,India,DEV0512,4927589551687403,Mastercard
CUST000513,Ira,Muni,Other,63,Delhi,Delhi,India,318443.7,Regular,2020-05-02,36,6368.87,25475.5,Delhi,India,DEV0513,4629613671577878,Mastercard
CUST000514,Ekani,Modi,Other,42,Mumbai,Maharashtra,India,4728717.62,Corporate,2024-12-29,33,472871.76,1418615.29,Mumbai,India,DEV0514,4636515597371476,Amex
CUST000515,Shivansh,Chokshi,Male,59,Hyderabad,Telangana,India,270360.12,Regular,2020-06-19,49,5407.2,21628.81,Hyderabad,India,DEV0515,4960567303064427,Visa
CUST000516,Arunima,Tak,Female,25,Pune,Maharashtra,India,817954.33,Regular,2021-12-30,41,16359.09,65436.35,Pune,India,DEV0516,5768342016542354,Amex
CUST000517,Eta,Bhatti,Other,36,Bengaluru,Karnataka,India,3028743.95,Corporate,2019-01-06,47,302874.4,908623.19,Bengaluru,India,DEV0517,4960893199255021,Amex
CUST000518,Janya,Apte,Female,67,Mumbai,Maharashtra,India,1978312.5,Gold,2024-11-02,22,98915.62,296746.87,Mumbai,India,DEV0518,5480727910336827,Mastercard
CUST000519,Urvashi,Mangal,Female,67,Hyderabad,Telangana,India,4901105.77,Corporate,2023-07-03,51,490110.58,1470331.73,Hyderabad,India,DEV0519,5905504481776652,RuPay
CUST000520,Darsh,Walia,Male,29,Dubai,Dubai,UAE,492528.97,Regular,2026-07-18,64,9850.58,39402.32,Dubai,UAE,DEV0520,5892866464911111,Visa
CUST000521,Yahvi,Kumar,Female,22,Mumbai,Maharashtra,India,1705378.43,Gold,2024-05-22,17,85268.92,255806.76,Mumbai,India,DEV0521,5046337861371570,Visa
CUST000522,Ojasvi,Prabhakar,Female,63,Hyderabad,Telangana,India,423945.94,Regular,2021-03-18,19,8478.92,33915.68,Hyderabad,India,DEV0522,4446306000258957,Amex
CUST000523,Udarsh,Muni,Male,57,Pune,Maharashtra,India,668882.33,Regular,2019-04-05,59,13377.65,53510.59,Pune,India,DEV0523,4096262658263120,Amex
CUST000524,Vaishnavi,Chaudry,Other,21,Chennai,Tamil Nadu,India,3374792.43,Platinum,2019-02-05,31,269983.39,742454.33,Chennai,India,DEV0524,4531106092098192,Mastercard
CUST000525,Keya,Krishnamurthy,Female,28,Kolkata,West Bengal,India,674139.77,Regular,2024-01-05,60,13482.8,53931.18,Kolkata,India,DEV0525,5343836404120918,Visa
CUST000526,Gunbir,Dass,Male,55,Bengaluru,Karnataka,India,831493.11,Regular,2026-07-22,27,16629.86,66519.45,Bengaluru,India,DEV0526,5117536170617131,RuPay
CUST000527,Lajita,Baria,Other,52,Ahmedabad,Gujarat,India,3488935.4,Platinum,2022-06-19,61,279114.83,767565.79,Ahmedabad,India,DEV0527,5029901557998025,Visa
CUST000528,Chandresh,Muni,Male,74,Delhi,Delhi,India,586696.7,Regular,2022-07-12,37,11733.93,46935.74,Delhi,India,DEV0528,4235130523124478,RuPay
CUST000529,Lajita,Kala,Other,23,Chennai,Tamil Nadu,India,775857.63,Regular,2026-06-03,39,15517.15,62068.61,Chennai,India,DEV0529,5686342346199426,Amex
CUST000530,Aahana,Bajaj,Female,56,New York,New York,United States,426588.05,Regular,2026-02-15,63,8531.76,34127.04,New York,United States,DEV0530,5591966395517201,Amex
CUST000531,Janani,Dugal,Female,38,Kolkata,West Bengal,India,324522.47,Regular,2025-02-20,28,6490.45,25961.8,Kolkata,India,DEV0531,5562531355251051,Mastercard
CUST000532,Yashvi,Merchant,Female,48,Kolkata,West Bengal,India,5589023.21,Platinum,2024-08-29,18,447121.86,1229585.11,Kolkata,India,DEV0532,5649383184919669,Mastercard
CUST000533,Christopher,Samra,Male,25,Delhi,Delhi,India,5242580.33,Platinum,2019-06-28,26,419406.43,1153367.67,Delhi,India,DEV0533,4461172959639044,Amex
CUST000534,Zaitra,Bali,Female,49,Bengaluru,Karnataka,India,4715459.34,Platinum,2019-03-28,43,377236.75,1037401.06,Bengaluru,India,DEV0534,5880501716445561,Amex
CUST000535,Kashish,Baria,Other,21,Delhi,Delhi,India,702697.01,Regular,2024-02-10,6,14053.94,56215.76,Delhi,India,DEV0535,4771591030021562,Visa
CUST000536,Aryan,Sankar,Male,57,Kolkata,West Bengal,India,5456571.03,Platinum,2024-09-08,46,436525.68,1200445.63,Kolkata,India,DEV0536,5004010414596428,Visa
CUST000537,Brijesh,Dass,Male,21,Kolkata,West Bengal,India,6641691.55,Platinum,2024-12-14,25,531335.32,1461172.14,Kolkata,India,DEV0537,5671883977457315,Visa
CUST000538,Upadhriti,Doshi,Female,37,Hyderabad,Telangana,India,2076429.25,Gold,2018-10-23,55,103821.46,311464.39,Hyderabad,India,DEV0538,5311703037637152,RuPay
CUST000539,Priya,Viswanathan,Other,22,Ahmedabad,Gujarat,India,2256491.17,Gold,2019-04-21,5,112824.56,338473.67,Ahmedabad,India,DEV0539,5123567983631460,Visa
CUST000540,Gaurav,Kapur,Male,22,New York,New York,United States,6597642.96,Platinum,2018-08-28,20,527811.44,1451481.45,New York,United States,DEV0540,5307240787541814,Mastercard
CUST000541,Warinder,Bhakta,Male,35,Pune,Maharashtra,India,580152.44,Regular,2020-07-05,5,11603.05,46412.19,Pune,India,DEV0541,5074510663436299,Amex
CUST000542,Krish,Shetty,Male,46,Delhi,Delhi,India,2434354.75,Gold,2022-10-07,20,121717.74,365153.21,Delhi,India,DEV0542,5310094318143964,Visa
CUST000543,Saksham,Basu,Male,32,Chennai,Tamil Nadu,India,361168.93,Regular,2019-09-11,39,7223.38,28893.51,Chennai,India,DEV0543,4354940128974323,Mastercard
CUST000544,Indrajit,Parekh,Male,53,Kolkata,West Bengal,India,3280085.1,Platinum,2025-08-07,31,262406.81,721618.72,Kolkata,India,DEV0544,5076502412095797,Mastercard
CUST000545,Wakeeta,Sha,Female,74,Mumbai,Maharashtra,India,261304.03,Regular,2023-03-04,30,5226.08,20904.32,Mumbai,India,DEV0545,5438822114577586,RuPay
CUST000546,Vidhi,Swaminathan,Female,24,Ahmedabad,Gujarat,India,479207.15,Regular,2019-10-07,32,9584.14,38336.57,Ahmedabad,India,DEV0546,4589714802632572,Amex
CUST000547,Vaishnavi,Sarin,Female,59,Hyderabad,Telangana,India,1210147.38,Gold,2025-07-04,38,60507.37,181522.11,Hyderabad,India,DEV0547,4614878245569640,Visa
CUST000548,Yahvi,Kashyap,Other,66,Kolkata,West Bengal,India,3176286.95,Platinum,2019-08-25,16,254102.96,698783.13,Kolkata,India,DEV0548,5795410727284982,Amex
CUST000549,Damyanti,Narula,Female,41,Mumbai,Maharashtra,India,924947.84,Gold,2019-04-28,47,46247.39,138742.18,Mumbai,India,DEV0549,5034910740650043,RuPay
CUST000550,Falguni,Amble,Other,48,Dubai,Dubai,UAE,3996189.85,Corporate,2023-07-13,46,399618.98,1198856.95,Dubai,UAE,DEV0550,5236914307536663,RuPay
CUST000551,Inaya,Dhaliwal,Other,45,Chennai,Tamil Nadu,India,533280.58,Regular,2024-04-05,41,10665.61,42662.45,Chennai,India,DEV0551,4592342683441492,Amex
CUST000552,Yoshita,Acharya,Female,26,Mumbai,Maharashtra,India,537235.87,Regular,2020-06-18,45,10744.72,42978.87,Mumbai,India,DEV0552,4585756766708067,RuPay
CUST000553,Lakshit,Sampath,Male,45,Kolkata,West Bengal,India,603125.21,Regular,2025-01-09,40,12062.5,48250.02,Kolkata,India,DEV0553,5940626078701040,Visa
CUST000554,Anvi,Kar,Female,31,Ahmedabad,Gujarat,India,2282902.6,Gold,2019-03-17,71,114145.13,342435.39,Ahmedabad,India,DEV0554,5198038287232444,Mastercard
CUST000555,Ekapad,Kulkarni,Male,23,Mumbai,Maharashtra,India,642463.93,Regular,2020-06-20,33,12849.28,51397.11,Mumbai,India,DEV0555,5181331708760145,Mastercard
CUST000556,Qasim,Randhawa,Male,25,Chennai,Tamil Nadu,India,6247262.46,Platinum,2026-02-16,29,499781.0,1374397.74,Chennai,India,DEV0556,5916202232883777,Visa
CUST000557,Oviya,Natt,Other,32,Ahmedabad,Gujarat,India,428867.88,Regular,2024-05-24,21,8577.36,34309.43,Ahmedabad,India,DEV0557,4617662047196092,Amex
CUST000558,Abhiram,Sagar,Male,19,Kolkata,West Bengal,India,3137674.88,Corporate,2022-06-24,16,313767.49,941302.46,Kolkata,India,DEV0558,5740258835868121,RuPay
CUST000559,Inaya,Wali,Female,48,Bengaluru,Karnataka,India,745694.93,Regular,2023-03-10,12,14913.9,59655.59,Bengaluru,India,DEV0559,5461767929884254,Amex
CUST000560,Jacob,Deo,Male,31,London,England,United Kingdom,726370.38,Regular,2025-10-15,19,14527.41,58109.63,London,United Kingdom,DEV0560,5311775331266105,Visa
CUST000561,Abeer,Mohan,Male,21,Mumbai,Maharashtra,India,493309.37,Regular,2019-08-31,33,9866.19,39464.75,Mumbai,India,DEV0561,4025176298334776,Mastercard
CUST000562,Forum,Nazareth,Other,54,Bengaluru,Karnataka,India,593544.14,Regular,2024-02-28,41,11870.88,47483.53,Bengaluru,India,DEV0562,4319013020569818,Amex
CUST000563,Daksh,Shanker,Male,59,Hyderabad,Telangana,India,557926.37,Regular,2024-12-23,35,11158.53,44634.11,Hyderabad,India,DEV0563,4559821766191281,Visa
CUST000564,Saumya,Sule,Female,50,Hyderabad,Telangana,India,601349.71,Regular,2019-05-01,21,12026.99,48107.98,Hyderabad,India,DEV0564,5034465124189389,Amex
CUST000565,Suhani,Krishna,Other,38,Delhi,Delhi,India,829675.44,Regular,2022-06-03,51,16593.51,66374.04,Delhi,India,DEV0565,4974005643502383,Mastercard
CUST000566,Amaira,Kala,Female,41,Mumbai,Maharashtra,India,5601209.09,Platinum,2024-09-15,48,448096.73,1232266.0,Mumbai,India,DEV0566,5905169918724019,Mastercard
CUST000567,Vasudha,Anne,Other,51,Kolkata,West Bengal,India,447221.93,Regular,2021-06-20,32,8944.44,35777.75,Kolkata,India,DEV0567,5300038960870668,Amex
CUST000568,Garima,Borra,Other,45,Bengaluru,Karnataka,India,326695.16,Regular,2025-02-17,23,6533.9,26135.61,Bengaluru,India,DEV0568,4955356033190360,Visa
CUST000569,Leela,Borde,Other,47,Hyderabad,Telangana,India,2921364.22,Platinum,2026-03-05,44,233709.14,642700.13,Hyderabad,India,DEV0569,4272405593429679,Visa
CUST000570,Dayamai,Vasa,Female,34,Dubai,Dubai,UAE,727892.11,Regular,2025-10-24,38,14557.84,58231.37,Dubai,UAE,DEV0570,5537458438458814,Amex
CUST000571,Sanaya,Luthra,Other,34,Ahmedabad,Gujarat,India,382310.71,Regular,2024-06-04,8,7646.21,30584.86,Ahmedabad,India,DEV0571,5283483152037713,Visa
CUST000572,Triveni,Varughese,Female,19,Chennai,Tamil Nadu,India,445268.35,Regular,2022-12-05,33,8905.37,35621.47,Chennai,India,DEV0572,5104967066703365,Visa
CUST000573,Qushi,Parsa,Other,68,Chennai,Tamil Nadu,India,745947.6,Regular,2026-04-17,39,14918.95,59675.81,Chennai,India,DEV0573,5095493059660186,Amex
CUST000574,Unnati,Rege,Female,64,Chennai,Tamil Nadu,India,497839.17,Regular,2020-07-31,18,9956.78,39827.13,Chennai,India,DEV0574,5320441384596093,RuPay
CUST000575,Yauvani,Bala,Other,62,Chennai,Tamil Nadu,India,2196415.2,Gold,2023-09-10,38,109820.76,329462.28,Chennai,India,DEV0575,5901495427707070,Amex
CUST000576,Aadhya,Comar,Other,61,Hyderabad,Telangana,India,626720.71,Regular,2020-02-25,8,12534.41,50137.66,Hyderabad,India,DEV0576,4149851724447230,Visa
CUST000577,Aayush,Rajagopal,Male,28,Mumbai,Maharashtra,India,1194808.79,Gold,2025-03-12,59,59740.44,179221.32,Mumbai,India,DEV0577,4879508304405800,RuPay
CUST000578,Warinder,Raja,Male,61,Mumbai,Maharashtra,India,323568.67,Regular,2023-07-10,57,6471.37,25885.49,Mumbai,India,DEV0578,5133595616420590,Amex
CUST000579,Upadhriti,Pingle,Other,62,Kolkata,West Bengal,India,882775.78,Regular,2021-06-20,30,17655.52,70622.06,Kolkata,India,DEV0579,5902504290193588,Mastercard
CUST000580,Jagvi,Garde,Female,43,London,England,United Kingdom,1140119.5,Gold,2018-10-06,41,57005.97,171017.92,London,United Kingdom,DEV0580,5113989868180977,RuPay
CUST000581,Bishakha,Parmer,Female,33,Hyderabad,Telangana,India,4111859.2,Platinum,2025-03-04,5,328948.74,904609.02,Hyderabad,India,DEV0581,4353537513765151,RuPay
CUST000582,Gayathri,Chawla,Other,58,Ahmedabad,Gujarat,India,1618348.83,Gold,2020-06-10,14,80917.44,242752.33,Ahmedabad,India,DEV0582,4639283692944556,Amex
CUST000583,Pushti,Dar,Female,18,Bengaluru,Karnataka,India,661209.35,Regular,2025-03-13,29,13224.19,52896.75,Bengaluru,India,DEV0583,4327021648712067,Visa
CUST000584,Zaid,Saran,Male,22,Pune,Maharashtra,India,2740287.2,Corporate,2024-10-31,15,274028.72,822086.16,Pune,India,DEV0584,5683415599910150,Amex
CUST000585,Vyanjana,Sastry,Other,18,Pune,Maharashtra,India,560118.93,Regular,2018-12-06,47,11202.38,44809.51,Pune,India,DEV0585,5229812099576576,Visa
CUST000586,Bachittar,Datta,Male,31,Chennai,Tamil Nadu,India,281387.17,Regular,2023-09-05,70,5627.74,22510.97,Chennai,India,DEV0586,5889864565220360,RuPay
CUST000587,Dhruv,Char,Male,75,Kolkata,West Bengal,India,327058.2,Regular,2019-12-23,13,6541.16,26164.66,Kolkata,India,DEV0587,4477324491342138,Visa
CUST000588,Kashvi,Contractor,Other,62,Delhi,Delhi,India,3389404.12,Corporate,2025-02-07,19,338940.41,1016821.24,Delhi,India,DEV0588,4307053496782746,Amex
CUST000589,Tripti,Iyer,Female,73,Ahmedabad,Gujarat,India,811926.79,Regular,2020-04-11,39,16238.54,64954.14,Ahmedabad,India,DEV0589,4415131528547810,Amex
CUST000590,Frederick,Roy,Male,22,Singapore,Singapore,Singapore,612810.69,Regular,2023-10-20,64,12256.21,49024.85,Singapore,Singapore,DEV0590,4003296334727277,Mastercard
CUST000591,Watika,Mand,Other,46,Mumbai,Maharashtra,India,4500048.79,Corporate,2019-09-09,12,450004.88,1350014.64,Mumbai,India,DEV0591,4306178932064965,RuPay
CUST000592,Lakshmi,Agrawal,Female,67,Bengaluru,Karnataka,India,7123805.18,Platinum,2019-11-01,39,569904.41,1567237.14,Bengaluru,India,DEV0592,5477695874131461,Mastercard
CUST000593,Upadhriti,Bawa,Other,32,Pune,Maharashtra,India,552078.36,Regular,2023-10-02,67,11041.57,44166.27,Pune,India,DEV0593,5515627796304485,Visa
CUST000594,Kamala,Hayer,Other,28,Kolkata,West Bengal,India,456451.93,Regular,2021-03-03,5,9129.04,36516.15,Kolkata,India,DEV0594,4676640473504768,Mastercard
CUST000595,Yashvi,Bhandari,Other,62,Mumbai,Maharashtra,India,3646563.9,Corporate,2019-05-01,11,364656.39,1093969.17,Mumbai,India,DEV0595,5529800615581089,Mastercard
CUST000596,Jagdish,Palla,Male,48,Pune,Maharashtra,India,3761339.58,Platinum,2023-01-29,27,300907.17,827494.71,Pune,India,DEV0596,4255638300081869,Mastercard
CUST000597,Urvi,Basak,Female,39,Chennai,Tamil Nadu,India,660511.08,Regular,2024-10-28,25,13210.22,52840.89,Chennai,India,DEV0597,4304166241118608,Visa
CUST000598,Kashish,Thakur,Other,42,Pune,Maharashtra,India,643699.53,Regular,2026-04-10,49,12873.99,51495.96,Pune,India,DEV0598,5456804473149767,Visa
CUST000599,Chandresh,Kale,Male,21,Pune,Maharashtra,India,564177.19,Regular,2020-07-23,39,11283.54,45134.17,Pune,India,DEV0599,4883607658173909,Amex
CUST000600,Ishani,Jaggi,Female,65,New York,New York,United States,667832.07,Regular,2026-01-30,5,13356.64,53426.57,New York,United States,DEV0600,4521182379312690,Visa
CUST000601,Rachana,Mani,Female,48,Chennai,Tamil Nadu,India,731332.23,Regular,2025-07-03,44,14626.64,58506.58,Chennai,India,DEV0601,5205996043878755,Amex
CUST000602,Qushi,Joshi,Other,67,Ahmedabad,Gujarat,India,808124.39,Regular,2025-02-03,24,16162.49,64649.95,Ahmedabad,India,DEV0602,5116162028123710,Amex
CUST000603,Umang,Narayan,Male,61,Ahmedabad,Gujarat,India,818239.78,Regular,2023-09-08,57,16364.8,65459.18,Ahmedabad,India,DEV0603,5660416448595925,Mastercard
CUST000604,Darika,Comar,Other,32,Kolkata,West Bengal,India,413305.59,Regular,2024-01-04,23,8266.11,33064.45,Kolkata,India,DEV0604,5735228705622718,Mastercard
CUST000605,Hardik,Loyal,Male,30,Mumbai,Maharashtra,India,465172.83,Regular,2023-10-14,23,9303.46,37213.83,Mumbai,India,DEV0605,5097921583503442,RuPay
CUST000606,Ishani,Rana,Other,31,Pune,Maharashtra,India,3463893.04,Corporate,2019-04-21,44,346389.3,1039167.91,Pune,India,DEV0606,5319213424912895,RuPay
CUST000607,Ishita,Jain,Other,65,Ahmedabad,Gujarat,India,251736.01,Regular,2022-09-09,48,5034.72,20138.88,Ahmedabad,India,DEV0607,5331922270510289,Amex
CUST000608,Inaya,Khosla,Female,46,Chennai,Tamil Nadu,India,326242.72,Regular,2020-12-05,43,6524.85,26099.42,Chennai,India,DEV0608,4866675485819320,Amex
CUST000609,Suhani,Bera,Other,18,Ahmedabad,Gujarat,India,762827.29,Regular,2024-09-27,5,15256.55,61026.18,Ahmedabad,India,DEV0609,5186520575639833,Mastercard
CUST000610,Leena,Hans,Other,74,London,England,United Kingdom,484644.4,Regular,2019-11-17,44,9692.89,38771.55,London,United Kingdom,DEV0610,5309451548094045,Visa
CUST000611,Nikita,Dhaliwal,Other,41,Chennai,Tamil Nadu,India,287197.55,Regular,2020-07-22,16,5743.95,22975.8,Chennai,India,DEV0611,4907977278105098,Mastercard
CUST000612,Krish,Mannan,Male,66,Pune,Maharashtra,India,3156847.21,Platinum,2022-11-13,39,252547.78,694506.39,Pune,India,DEV0612,4705184390552951,Amex
CUST000613,Bhanumati,Bose,Female,29,Delhi,Delhi,India,786280.9,Regular,2021-07-11,9,15725.62,62902.47,Delhi,India,DEV0613,5824127049386203,RuPay
CUST000614,Nitesh,Gour,Male,75,Kolkata,West Bengal,India,793468.66,Regular,2024-03-07,43,15869.37,63477.49,Kolkata,India,DEV0614,5197111212590208,Amex
CUST000615,Patrick,Saran,Male,74,Hyderabad,Telangana,India,692578.89,Regular,2019-05-30,20,13851.58,55406.31,Hyderabad,India,DEV0615,4324064242956336,Mastercard
CUST000616,Bishakha,Buch,Female,72,Chennai,Tamil Nadu,India,1323272.23,Gold,2025-08-01,11,66163.61,198490.83,Chennai,India,DEV0616,5759558720962895,RuPay
CUST000617,Yauvani,Pau,Other,50,Chennai,Tamil Nadu,India,704774.99,Regular,2024-05-24,47,14095.5,56382.0,Chennai,India,DEV0617,4884183437401822,Amex
CUST000618,Vinaya,Rajan,Other,49,Kolkata,West Bengal,India,495641.6,Regular,2020-02-06,39,9912.83,39651.33,Kolkata,India,DEV0618,4905150267551253,Amex
CUST000619,Gauri,Sandhu,Other,36,Bengaluru,Karnataka,India,1602413.94,Gold,2020-08-26,23,80120.7,240362.09,Bengaluru,India,DEV0619,4979966734595767,Mastercard
CUST000620,Chameli,Parmar,Other,66,London,England,United Kingdom,753147.09,Regular,2020-01-07,61,15062.94,60251.77,London,United Kingdom,DEV0620,4969028249839224,Visa
CUST000621,Anya,Badami,Female,19,Bengaluru,Karnataka,India,5022924.36,Platinum,2022-03-06,27,401833.95,1105043.36,Bengaluru,India,DEV0621,4270232441233616,RuPay
CUST000622,Gautam,Gaba,Male,63,Ahmedabad,Gujarat,India,314943.76,Regular,2024-06-10,35,6298.88,25195.5,Ahmedabad,India,DEV0622,5863767316252656,Amex
CUST000623,Darika,Sha,Other,39,Mumbai,Maharashtra,India,685419.84,Regular,2024-03-22,39,13708.4,54833.59,Mumbai,India,DEV0623,4903923555809966,Mastercard
CUST000624,Ijaya,Murty,Female,52,Hyderabad,Telangana,India,446259.65,Regular,2019-08-26,23,8925.19,35700.77,Hyderabad,India,DEV0624,5156262446704627,Visa
CUST000625,Rachana,Kohli,Female,27,Mumbai,Maharashtra,India,726235.93,Regular,2023-11-07,43,14524.72,58098.87,Mumbai,India,DEV0625,5602529867076608,RuPay
CUST000626,Vrinda,Narayan,Other,71,Mumbai,Maharashtra,India,2183869.43,Gold,2024-03-06,25,109193.47,327580.41,Mumbai,India,DEV0626,5785758512686126,RuPay
CUST000627,Aarush,Comar,Male,58,Ahmedabad,Gujarat,India,552096.06,Regular,2021-12-09,27,11041.92,44167.69,Ahmedabad,India,DEV0627,4017750954654081,RuPay
CUST000628,Chakrika,Swamy,Female,59,Pune,Maharashtra,India,461011.16,Regular,2024-03-08,59,9220.22,36880.89,Pune,India,DEV0628,5091508632181226,RuPay
CUST000629,Kritika,Hora,Female,72,Ahmedabad,Gujarat,India,1290561.13,Gold,2022-07-26,16,64528.06,193584.17,Ahmedabad,India,DEV0629,5897015502916817,Amex
CUST000630,Harini,Borah,Female,32,London,England,United Kingdom,735398.57,Regular,2024-11-01,5,14707.97,58831.89,London,United Kingdom,DEV0630,4161394498830592,Amex
CUST000631,Libni,Sekhon,Female,66,Bengaluru,Karnataka,India,686435.77,Regular,2024-03-14,63,13728.72,54914.86,Bengaluru,India,DEV0631,5962440630624479,Visa
CUST000632,Banjeet,Wable,Male,55,Hyderabad,Telangana,India,460995.74,Regular,2021-03-23,80,9219.91,36879.66,Hyderabad,India,DEV0632,5194979695867805,RuPay
CUST000633,Turvi,Talwar,Female,45,Ahmedabad,Gujarat,India,805331.39,Regular,2026-06-15,27,16106.63,64426.51,Ahmedabad,India,DEV0633,5738264609178513,RuPay
CUST000634,Yoshita,Doctor,Female,43,Kolkata,West Bengal,India,553797.07,Regular,2023-09-24,5,11075.94,44303.77,Kolkata,India,DEV0634,4299295966048736,Amex
CUST000635,Damyanti,Kale,Other,44,Mumbai,Maharashtra,India,391898.5,Regular,2018-12-13,29,7837.97,31351.88,Mumbai,India,DEV0635,4194226865369453,RuPay
CUST000636,Bimala,Bassi,Other,20,Pune,Maharashtra,India,512577.88,Regular,2021-06-23,29,10251.56,41006.23,Pune,India,DEV0636,5747226408572164,Amex
CUST000637,Dalaja,Panchal,Female,44,Hyderabad,Telangana,India,1890201.55,Gold,2022-07-31,31,94510.08,283530.23,Hyderabad,India,DEV0637,4299819960593290,RuPay
CUST000638,Guneet,Gaba,Male,33,Pune,Maharashtra,India,811234.88,Regular,2020-04-26,14,16224.7,64898.79,Pune,India,DEV0638,5275327352410393,Mastercard
CUST000639,Aadhya,Karpe,Other,46,Ahmedabad,Gujarat,India,4288637.45,Corporate,2019-07-05,45,428863.74,1286591.23,Ahmedabad,India,DEV0639,4781952371006874,Amex
CUST000640,Gauri,Kanda,Female,40,London,England,United Kingdom,1871163.07,Gold,2021-03-21,44,93558.15,280674.46,London,United Kingdom,DEV0640,4807704605687615,RuPay
CUST000641,Leela,Bawa,Other,57,Mumbai,Maharashtra,India,1486343.21,Gold,2022-05-12,8,74317.16,222951.48,Mumbai,India,DEV0641,5523734151773452,RuPay
CUST000642,Ekantika,Bajwa,Female,71,Chennai,Tamil Nadu,India,636378.28,Regular,2019-01-26,47,12727.57,50910.26,Chennai,India,DEV0642,5228403595442947,RuPay
CUST000643,Laban,Talwar,Male,59,Bengaluru,Karnataka,India,440016.37,Regular,2022-04-25,71,8800.33,35201.31,Bengaluru,India,DEV0643,5643039429045880,Mastercard
CUST000644,Krisha,Som,Female,54,Bengaluru,Karnataka,India,575711.94,Regular,2023-05-26,38,11514.24,46056.96,Bengaluru,India,DEV0644,4856728727601539,Mastercard
CUST000645,Maanav,Rajagopal,Male,39,Chennai,Tamil Nadu,India,2066018.91,Gold,2024-08-30,28,103300.95,309902.84,Chennai,India,DEV0645,4135779083350617,RuPay
CUST000646,Ridhi,Suri,Other,61,Mumbai,Maharashtra,India,1695911.8,Corporate,2025-01-27,32,169591.18,508773.54,Mumbai,India,DEV0646,4983342337209489,Mastercard
CUST000647,Libni,Narasimhan,Other,42,Mumbai,Maharashtra,India,1963921.29,Corporate,2024-02-08,46,196392.13,589176.39,Mumbai,India,DEV0647,5403339977180512,Visa
CUST000648,Saumya,Kata,Female,69,Mumbai,Maharashtra,India,314919.34,Regular,2020-03-22,5,6298.39,25193.55,Mumbai,India,DEV0648,4939749096173992,RuPay
CUST000649,Panini,Keer,Female,21,Chennai,Tamil Nadu,India,364745.72,Regular,2026-01-24,37,7294.91,29179.66,Chennai,India,DEV0649,4878444835488474,Amex
CUST000650,Faraj,Gill,Male,75,Singapore,Singapore,Singapore,5302513.61,Platinum,2021-03-23,27,424201.09,1166553.0,Singapore,Singapore,DEV0650,5722164175823136,RuPay
CUST000651,Rachita,Murty,Female,34,Ahmedabad,Gujarat,India,445039.92,Regular,2024-03-25,68,8900.8,35603.19,Ahmedabad,India,DEV0651,5939252362292581,RuPay
CUST000652,Abhiram,Setty,Male,62,Chennai,Tamil Nadu,India,806554.4,Regular,2026-05-10,31,16131.09,64524.35,Chennai,India,DEV0652,4452455574696609,Amex
CUST000653,Niharika,Gupta,Female,67,Bengaluru,Karnataka,India,4184670.1,Corporate,2018-08-15,65,418467.01,1255401.03,Bengaluru,India,DEV0653,5033445056658836,RuPay
CUST000654,Ayush,Kothari,Male,55,Mumbai,Maharashtra,India,461563.97,Regular,2018-12-09,15,9231.28,36925.12,Mumbai,India,DEV0654,5797067349960103,RuPay
CUST000655,Urvashi,Sinha,Female,65,Chennai,Tamil Nadu,India,337285.08,Regular,2021-12-05,45,6745.7,26982.81,Chennai,India,DEV0655,5156229493817359,RuPay
CUST000656,Alka,Lala,Other,43,Delhi,Delhi,India,750438.82,Regular,2023-03-06,40,15008.78,60035.11,Delhi,India,DEV0656,4557325737553449,Mastercard
CUST000657,Fitan,Bains,Male,74,Pune,Maharashtra,India,773942.13,Regular,2018-09-22,19,15478.84,61915.37,Pune,India,DEV0657,5080850960858747,Visa
CUST000658,Deepa,Bahri,Other,26,Mumbai,Maharashtra,India,883247.9,Regular,2025-03-27,38,17664.96,70659.83,Mumbai,India,DEV0658,5182819793164772,Visa
CUST000659,Joshua,Sami,Male,25,Kolkata,West Bengal,India,757723.39,Regular,2024-02-14,56,15154.47,60617.87,Kolkata,India,DEV0659,4606940960035622,RuPay
CUST000660,Pahal,Chaudry,Other,58,New York,New York,United States,1220530.48,Gold,2021-06-21,29,61026.52,183079.57,New York,United States,DEV0660,5959232342108900,Visa
CUST000661,Zansi,Varghese,Female,55,Kolkata,West Bengal,India,3803584.65,Corporate,2025-03-26,5,380358.47,1141075.4,Kolkata,India,DEV0661,4342643350271603,Amex
CUST000662,Banjeet,Sane,Male,37,Ahmedabad,Gujarat,India,379114.53,Regular,2021-05-31,34,7582.29,30329.16,Ahmedabad,India,DEV0662,5691128981231796,Amex
CUST000663,Ojas,Iyer,Male,47,Hyderabad,Telangana,India,4299269.25,Corporate,2022-10-27,18,429926.92,1289780.77,Hyderabad,India,DEV0663,4574817006661554,Amex
CUST000664,Krisha,Gour,Other,65,Chennai,Tamil Nadu,India,705789.06,Regular,2025-10-20,28,14115.78,56463.12,Chennai,India,DEV0664,5670450232902829,Visa
CUST000665,Krish,Muni,Male,19,Hyderabad,Telangana,India,6135237.05,Platinum,2026-07-29,33,490818.96,1349752.15,Hyderabad,India,DEV0665,4596262282251202,RuPay
CUST000666,Suhani,Dey,Female,69,Kolkata,West Bengal,India,2428134.71,Corporate,2019-10-03,5,242813.47,728440.41,Kolkata,India,DEV0666,4500507026086988,Visa
CUST000667,Joshua,Bhavsar,Male,20,Kolkata,West Bengal,India,3006681.44,Platinum,2022-10-11,5,240534.52,661469.92,Kolkata,India,DEV0667,5117768729047749,RuPay
CUST000668,Priya,Nazareth,Other,24,Mumbai,Maharashtra,India,736667.3,Regular,2020-06-02,43,14733.35,58933.38,Mumbai,India,DEV0668,4932382231164911,RuPay
CUST000669,Isaiah,Bajwa,Male,70,Chennai,Tamil Nadu,India,883071.88,Regular,2024-12-30,25,17661.44,70645.75,Chennai,India,DEV0669,4988942565290601,Visa
CUST000670,Mohammed,Vala,Male,62,London,England,United Kingdom,3808061.31,Platinum,2019-09-12,5,304644.9,837773.49,London,United Kingdom,DEV0670,5650977539673795,Visa
CUST000671,Urmi,Atwal,Other,60,Chennai,Tamil Nadu,India,1723185.45,Gold,2018-08-19,49,86159.27,258477.82,Chennai,India,DEV0671,4552457871584155,Mastercard
CUST000672,Champak,Pandya,Male,18,Hyderabad,Telangana,India,4405272.84,Corporate,2024-08-23,39,440527.28,1321581.85,Hyderabad,India,DEV0672,4184254768182682,Mastercard
CUST000673,Jeet,Luthra,Male,66,Hyderabad,Telangana,India,1466298.4,Gold,2022-03-07,22,73314.92,219944.76,Hyderabad,India,DEV0673,4929880858382527,Mastercard
CUST000674,Lakshmi,Balakrishnan,Other,53,Bengaluru,Karnataka,India,870834.8,Regular,2023-08-17,11,17416.7,69666.78,Bengaluru,India,DEV0674,4634064686775246,RuPay
CUST000675,Dhriti,Mall,Other,25,Chennai,Tamil Nadu,India,726749.32,Regular,2026-07-27,50,14534.99,58139.95,Chennai,India,DEV0675,4910622723626693,RuPay
CUST000676,Jai,Chatterjee,Male,21,Hyderabad,Telangana,India,2466762.55,Corporate,2025-01-29,41,246676.26,740028.77,Hyderabad,India,DEV0676,5619237245018482,Mastercard
CUST000677,Chanchal,Madan,Other,29,Ahmedabad,Gujarat,India,331161.92,Regular,2024-01-24,77,6623.24,26492.95,Ahmedabad,India,DEV0677,5972154064176922,Mastercard
CUST000678,Vaishnavi,Ghosh,Other,63,Mumbai,Maharashtra,India,725643.55,Regular,2025-09-30,42,14512.87,58051.48,Mumbai,India,DEV0678,5953766014448563,Visa
CUST000679,Tanveer,Dhaliwal,Male,55,Mumbai,Maharashtra,India,1676878.01,Gold,2022-04-11,41,83843.9,251531.7,Mumbai,India,DEV0679,4973964178996981,Visa
CUST000680,Saanvi,Chahal,Other,25,London,England,United Kingdom,326357.69,Regular,2026-05-19,31,6527.15,26108.61,London,United Kingdom,DEV0680,4359966057798068,Mastercard
CUST000681,Bhavna,Chander,Other,40,Bengaluru,Karnataka,India,864867.34,Regular,2023-04-24,49,17297.35,69189.39,Bengaluru,India,DEV0681,5146074555347057,Mastercard
CUST000682,Krishna,Parmer,Male,67,Kolkata,West Bengal,India,2105310.65,Gold,2025-10-03,46,105265.53,315796.6,Kolkata,India,DEV0682,5271559835411651,Mastercard
CUST000683,Omaja,Bhatnagar,Female,37,Hyderabad,Telangana,India,709807.46,Regular,2022-05-26,57,14196.15,56784.6,Hyderabad,India,DEV0683,4557522501394880,Amex
CUST000684,Oeshi,Chana,Other,30,Mumbai,Maharashtra,India,308852.44,Regular,2024-11-18,25,6177.05,24708.2,Mumbai,India,DEV0684,5964258562614990,Mastercard
CUST000685,Sanya,Chatterjee,Female,63,Delhi,Delhi,India,350757.68,Regular,2021-11-04,27,7015.15,28060.61,Delhi,India,DEV0685,5407333373204309,Amex
CUST000686,Watika,Raja,Female,47,Hyderabad,Telangana,India,801138.1,Regular,2024-04-22,26,16022.76,64091.05,Hyderabad,India,DEV0686,4969645465535850,RuPay
CUST000687,Aarna,Swaminathan,Other,26,Hyderabad,Telangana,India,1826333.55,Gold,2024-11-01,49,91316.68,273950.03,Hyderabad,India,DEV0687,5187851935837499,Amex
CUST000688,Lajita,Vohra,Female,75,Pune,Maharashtra,India,897262.59,Regular,2021-02-14,61,17945.25,71781.01,Pune,India,DEV0688,5087805721514946,Amex
CUST000689,Yasti,Wali,Other,34,Bengaluru,Karnataka,India,2253214.49,Corporate,2021-09-13,26,225321.45,675964.35,Bengaluru,India,DEV0689,4748453986289503,RuPay
CUST000690,Damyanti,Chander,Other,46,London,England,United Kingdom,1013621.43,Gold,2021-11-20,27,50681.07,152043.21,London,United Kingdom,DEV0690,5186233922071518,Amex
CUST000691,Sanya,Venkataraman,Female,43,Pune,Maharashtra,India,1121615.21,Gold,2022-06-16,40,56080.76,168242.28,Pune,India,DEV0691,5521452647124636,Visa
CUST000692,Vamakshi,Yadav,Female,57,Ahmedabad,Gujarat,India,1738187.64,Gold,2022-03-08,30,86909.38,260728.15,Ahmedabad,India,DEV0692,4090805120800565,RuPay
CUST000693,Aarav,Sura,Male,60,Bengaluru,Karnataka,India,653567.06,Regular,2025-10-30,52,13071.34,52285.36,Bengaluru,India,DEV0693,4283512959272828,Visa
CUST000694,Unni,More,Other,75,Mumbai,Maharashtra,India,4214159.42,Platinum,2018-12-07,5,337132.75,927115.07,Mumbai,India,DEV0694,5415298217392958,Amex
CUST000695,Nathan,Rajagopalan,Male,54,Mumbai,Maharashtra,India,487700.78,Regular,2026-01-03,20,9754.02,39016.06,Mumbai,India,DEV0695,5373605079181581,Mastercard
CUST000696,Ladli,Sem,Female,70,Kolkata,West Bengal,India,746289.7,Regular,2018-12-11,20,14925.79,59703.18,Kolkata,India,DEV0696,5466661707158794,Amex
CUST000697,Saumya,Misra,Female,22,Delhi,Delhi,India,277061.15,Regular,2020-12-06,5,5541.22,22164.89,Delhi,India,DEV0697,4149982508004635,Amex
CUST000698,Ucchal,Thaman,Other,46,Bengaluru,Karnataka,India,692736.7,Regular,2019-06-03,17,13854.73,55418.94,Bengaluru,India,DEV0698,5031723513739907,Mastercard
CUST000699,Leela,Murty,Other,33,Mumbai,Maharashtra,India,1516585.75,Corporate,2021-06-19,18,151658.57,454975.72,Mumbai,India,DEV0699,5352635602293949,Mastercard
CUST000700,Pushti,Sunder,Other,62,Singapore,Singapore,Singapore,256647.81,Regular,2018-10-11,31,5132.96,20531.82,Singapore,Singapore,DEV0700,4664374906072311,Mastercard
CUST000701,Falak,Khosla,Female,75,Mumbai,Maharashtra,India,462796.07,Regular,2024-04-04,55,9255.92,37023.69,Mumbai,India,DEV0701,4464844941163182,Mastercard
CUST000702,Tamanna,Goda,Other,66,Delhi,Delhi,India,321073.53,Regular,2020-06-11,30,6421.47,25685.88,Delhi,India,DEV0702,4306211369572795,Mastercard
CUST000703,Mahika,Nadkarni,Other,32,Kolkata,West Bengal,India,259237.24,Regular,2022-04-09,16,5184.74,20738.98,Kolkata,India,DEV0703,4254257306624818,Mastercard
CUST000704,Isha,Sangha,Female,67,Ahmedabad,Gujarat,India,536344.82,Regular,2019-07-03,33,10726.9,42907.59,Ahmedabad,India,DEV0704,4398482285011684,Mastercard
CUST000705,Kala,Varma,Other,54,Kolkata,West Bengal,India,343266.21,Regular,2019-01-02,53,6865.32,27461.3,Kolkata,India,DEV0705,4130609069130987,Amex
CUST000706,Priya,Bhardwaj,Other,50,Pune,Maharashtra,India,650431.91,Regular,2025-09-05,17,13008.64,52034.55,Pune,India,DEV0706,4737945772785328,Amex
CUST000707,Mugdha,Bajwa,Female,64,Bengaluru,Karnataka,India,263609.13,Regular,2020-07-22,18,5272.18,21088.73,Bengaluru,India,DEV0707,5420768362536665,Amex
CUST000708,Jagvi,Nazareth,Female,69,Ahmedabad,Gujarat,India,461907.14,Regular,2022-01-28,45,9238.14,36952.57,Ahmedabad,India,DEV0708,5628333393957860,Mastercard
CUST000709,Odika,Contractor,Female,63,Bengaluru,Karnataka,India,602838.66,Regular,2021-10-31,31,12056.77,48227.09,Bengaluru,India,DEV0709,4749603358268623,Mastercard
CUST000710,Lekha,Dutt,Female,71,Dubai,Dubai,UAE,734881.6,Regular,2019-11-16,46,14697.63,58790.53,Dubai,UAE,DEV0710,4926932657327598,Visa
CUST000711,Jagdish,Balan,Male,60,Mumbai,Maharashtra,India,848111.66,Regular,2026-05-08,34,16962.23,67848.93,Mumbai,India,DEV0711,5051553234159593,RuPay
CUST000712,Megha,Sha,Other,39,Bengaluru,Karnataka,India,315974.67,Regular,2023-11-30,47,6319.49,25277.97,Bengaluru,India,DEV0712,4822261896288742,Mastercard
CUST000713,Lajita,Mohan,Female,75,Mumbai,Maharashtra,India,1116957.98,Gold,2019-02-11,16,55847.9,167543.7,Mumbai,India,DEV0713,5676720957992707,RuPay
CUST000714,Oscar,Kota,Male,32,Kolkata,West Bengal,India,337713.21,Regular,2019-01-01,34,6754.26,27017.06,Kolkata,India,DEV0714,4462135415970994,RuPay
CUST000715,Lekha,Lal,Female,29,Hyderabad,Telangana,India,888323.66,Regular,2021-08-13,31,17766.47,71065.89,Hyderabad,India,DEV0715,5075203447650473,Visa
CUST000716,Rohan,Goda,Male,26,Delhi,Delhi,India,930739.45,Gold,2024-06-13,13,46536.97,139610.92,Delhi,India,DEV0716,5637660465586654,RuPay
CUST000717,Yutika,Naidu,Other,35,Hyderabad,Telangana,India,423337.14,Regular,2021-12-22,6,8466.74,33866.97,Hyderabad,India,DEV0717,4715810213125124,Visa
CUST000718,Tejas,Chaudhuri,Male,28,Delhi,Delhi,India,2078405.64,Gold,2020-09-09,47,103920.28,311760.85,Delhi,India,DEV0718,4591297519102315,Visa
CUST000719,Xavier,Sule,Male,60,Pune,Maharashtra,India,1272921.2,Gold,2020-12-02,28,63646.06,190938.18,Pune,India,DEV0719,5016583737927496,Mastercard
CUST000720,Meghana,Iyengar,Other,75,London,England,United Kingdom,883223.73,Regular,2022-06-04,16,17664.47,70657.9,London,United Kingdom,DEV0720,5428931132532698,RuPay
CUST000721,Abhiram,Chopra,Male,47,Pune,Maharashtra,India,474093.38,Regular,2021-08-22,33,9481.87,37927.47,Pune,India,DEV0721,5380442101750960,Visa
CUST000722,Ishita,Om,Other,63,Mumbai,Maharashtra,India,751400.97,Regular,2025-12-28,55,15028.02,60112.08,Mumbai,India,DEV0722,4591945757574753,Mastercard
CUST000723,Aradhana,Mand,Other,64,Bengaluru,Karnataka,India,479381.73,Regular,2021-05-21,5,9587.63,38350.54,Bengaluru,India,DEV0723,4775677722660256,Amex
CUST000724,Ladli,Chaudhary,Female,62,Delhi,Delhi,India,781313.12,Regular,2025-07-04,8,15626.26,62505.05,Delhi,India,DEV0724,5229231067245309,Mastercard
CUST000725,Mitali,Mander,Female,53,Chennai,Tamil Nadu,India,566247.6,Regular,2020-10-26,18,11324.95,45299.81,Chennai,India,DEV0725,5766270511579421,Mastercard
CUST000726,Lajita,Swamy,Female,18,Ahmedabad,Gujarat,India,450204.99,Regular,2021-10-20,61,9004.1,36016.4,Ahmedabad,India,DEV0726,5254969192845528,Visa
CUST000727,Ranbir,Gala,Male,18,Ahmedabad,Gujarat,India,409971.4,Regular,2024-09-23,40,8199.43,32797.71,Ahmedabad,India,DEV0727,4535748595325933,Mastercard
CUST000728,Mitali,Karpe,Female,50,Ahmedabad,Gujarat,India,4224030.27,Platinum,2019-11-28,48,337922.42,929286.66,Ahmedabad,India,DEV0728,5162951877941764,Mastercard
CUST000729,Chakrika,Bhargava,Female,25,Delhi,Delhi,India,395166.66,Regular,2021-10-26,14,7903.33,31613.33,Delhi,India,DEV0729,4055978245759832,RuPay
CUST000730,Dipta,D’Alia,Other,75,London,England,United Kingdom,1211908.93,Gold,2021-09-25,14,60595.45,181786.34,London,United Kingdom,DEV0730,5843660443240065,Amex
CUST000731,Nitesh,Apte,Male,23,Ahmedabad,Gujarat,India,1788422.98,Gold,2020-04-26,43,89421.15,268263.45,Ahmedabad,India,DEV0731,4975147439742925,Visa
CUST000732,Hardik,Butala,Male,72,Kolkata,West Bengal,India,489734.3,Regular,2022-10-01,36,9794.69,39178.74,Kolkata,India,DEV0732,4568065625904595,Visa
CUST000733,Zilmil,Reddy,Other,59,Bengaluru,Karnataka,India,852516.68,Regular,2021-09-27,44,17050.33,68201.33,Bengaluru,India,DEV0733,5221823155516519,Visa
CUST000734,Geetika,Sridhar,Other,50,Pune,Maharashtra,India,1533584.27,Gold,2026-06-20,31,76679.21,230037.64,Pune,India,DEV0734,5281372143308008,Visa
CUST000735,Arjun,Gade,Male,53,Hyderabad,Telangana,India,2419945.64,Gold,2024-08-02,40,120997.28,362991.85,Hyderabad,India,DEV0735,4285566084706812,Visa
CUST000736,Udarsh,Ahluwalia,Male,57,Hyderabad,Telangana,India,254649.04,Regular,2019-09-19,37,5092.98,20371.92,Hyderabad,India,DEV0736,5195826328094481,Mastercard
CUST000737,Faras,Arya,Male,63,Chennai,Tamil Nadu,India,462587.75,Regular,2023-02-20,48,9251.76,37007.02,Chennai,India,DEV0737,4461470798632104,Mastercard
CUST000738,Logan,Hans,Male,53,Chennai,Tamil Nadu,India,6208134.83,Platinum,2026-02-02,49,496650.79,1365789.66,Chennai,India,DEV0738,5945703943804037,Mastercard
CUST000739,Gaurika,Kakar,Female,27,Pune,Maharashtra,India,1632614.93,Gold,2020-03-12,5,81630.75,244892.24,Pune,India,DEV0739,4692778943191000,Visa
CUST000740,Urmi,Dixit,Female,57,London,England,United Kingdom,497923.6,Regular,2023-04-15,5,9958.47,39833.89,London,United Kingdom,DEV0740,4921053365146047,RuPay
CUST000741,Abhiram,Ravel,Male,33,Chennai,Tamil Nadu,India,855959.67,Regular,2020-11-15,53,17119.19,68476.77,Chennai,India,DEV0741,5310720113798442,Visa
CUST000742,Zaitra,Sandhu,Other,74,Bengaluru,Karnataka,India,508400.31,Regular,2020-09-23,56,10168.01,40672.02,Bengaluru,India,DEV0742,4600767620901449,RuPay
CUST000743,Raghav,Kota,Male,69,Chennai,Tamil Nadu,India,2158244.35,Corporate,2022-10-06,16,215824.44,647473.31,Chennai,India,DEV0743,5700968730451952,Mastercard
CUST000744,Anvi,Nair,Female,46,Kolkata,West Bengal,India,1765227.22,Gold,2023-05-02,5,88261.36,264784.08,Kolkata,India,DEV0744,5556296575427862,Visa
CUST000745,Indali,Sekhon,Other,59,Chennai,Tamil Nadu,India,4330422.42,Platinum,2026-04-14,36,346433.79,952692.93,Chennai,India,DEV0745,4577820582958297,Amex
CUST000746,Onkar,Dara,Male,49,Pune,Maharashtra,India,7947771.63,Platinum,2019-05-14,51,635821.73,1748509.76,Pune,India,DEV0746,5808190482357153,Amex
CUST000747,Ayushman,Bajaj,Male,62,Kolkata,West Bengal,India,2000481.51,Gold,2021-12-07,67,100024.08,300072.23,Kolkata,India,DEV0747,4137230817214365,Visa
CUST000748,Rohan,Nadkarni,Male,28,Delhi,Delhi,India,442259.65,Regular,2022-07-07,44,8845.19,35380.77,Delhi,India,DEV0748,5321147165609452,Mastercard
CUST000749,Eiravati,Patel,Female,23,Pune,Maharashtra,India,2371289.1,Gold,2024-09-29,28,118564.46,355693.37,Pune,India,DEV0749,5990707550476814,Amex
CUST000750,Manthan,Wali,Male,31,New York,New York,United States,566841.46,Regular,2022-12-06,18,11336.83,45347.32,New York,United States,DEV0750,5174811317653979,RuPay
CUST000751,Kashvi,Garg,Other,26,Ahmedabad,Gujarat,India,516894.61,Regular,2026-04-29,35,10337.89,41351.57,Ahmedabad,India,DEV0751,5029087182749681,Visa
CUST000752,Nimrat,Virk,Other,69,Ahmedabad,Gujarat,India,543621.86,Regular,2025-06-19,29,10872.44,43489.75,Ahmedabad,India,DEV0752,4204956121377301,Amex
CUST000753,Abdul,Kalita,Male,18,Chennai,Tamil Nadu,India,471045.77,Regular,2024-07-01,16,9420.92,37683.66,Chennai,India,DEV0753,5973711222990773,Visa
CUST000754,Bhanumati,Choudhary,Other,37,Kolkata,West Bengal,India,1070124.98,Gold,2023-10-06,71,53506.25,160518.75,Kolkata,India,DEV0754,4704686111457686,Visa
CUST000755,Elijah,Babu,Male,19,Bengaluru,Karnataka,India,371413.97,Regular,2023-03-03,67,7428.28,29713.12,Bengaluru,India,DEV0755,4378584712961800,Mastercard
CUST000756,Hiral,Agrawal,Female,48,Bengaluru,Karnataka,India,1525135.61,Gold,2021-09-01,55,76256.78,228770.34,Bengaluru,India,DEV0756,4508018498042530,Mastercard
CUST000757,Vrinda,Jani,Other,66,Ahmedabad,Gujarat,India,389179.62,Regular,2021-05-01,18,7783.59,31134.37,Ahmedabad,India,DEV0757,4268812282178196,Amex
CUST000758,Yasti,Bava,Other,45,Kolkata,West Bengal,India,4397914.74,Corporate,2023-04-11,50,439791.47,1319374.42,Kolkata,India,DEV0758,5606056035679320,Mastercard
CUST000759,Nachiket,Sathe,Male,33,Chennai,Tamil Nadu,India,298786.02,Regular,2023-10-14,46,5975.72,23902.88,Chennai,India,DEV0759,5906181205464758,RuPay
CUST000760,Deepa,Bandi,Female,36,New York,New York,United States,816253.38,Regular,2023-06-15,42,16325.07,65300.27,New York,United States,DEV0760,5989992751758895,RuPay
CUST000761,Vidhi,Kulkarni,Female,67,Chennai,Tamil Nadu,India,398097.45,Regular,2025-07-17,57,7961.95,31847.8,Chennai,India,DEV0761,4539354358644964,RuPay
CUST000762,Udarsh,Bhatt,Male,37,Kolkata,West Bengal,India,1784645.11,Gold,2026-02-15,46,89232.26,267696.77,Kolkata,India,DEV0762,5379821433952751,Amex
CUST000763,Ati,Patel,Other,71,Chennai,Tamil Nadu,India,3106777.29,Corporate,2019-02-06,48,310677.73,932033.19,Chennai,India,DEV0763,5524914168601347,RuPay
CUST000764,Hemani,Chatterjee,Other,50,Pune,Maharashtra,India,283145.48,Regular,2021-05-02,46,5662.91,22651.64,Pune,India,DEV0764,4679176651221507,RuPay
CUST000765,Mason,Comar,Male,36,Chennai,Tamil Nadu,India,312328.91,Regular,2024-11-14,41,6246.58,24986.31,Chennai,India,DEV0765,5630900159446337,RuPay
CUST000766,Samar,Chahal,Male,18,Bengaluru,Karnataka,India,629678.01,Regular,2022-08-30,5,12593.56,50374.24,Bengaluru,India,DEV0766,4326389021994714,Amex
CUST000767,Tanish,Nadkarni,Male,63,Hyderabad,Telangana,India,357667.66,Regular,2022-11-18,36,7153.35,28613.41,Hyderabad,India,DEV0767,4234103469967336,Amex
CUST000768,Amaira,Baria,Other,52,Ahmedabad,Gujarat,India,730456.85,Regular,2022-10-09,24,14609.14,58436.55,Ahmedabad,India,DEV0768,5696084376855072,Amex
CUST000769,Vasudha,Chacko,Other,68,Hyderabad,Telangana,India,707246.65,Regular,2018-09-04,11,14144.93,56579.73,Hyderabad,India,DEV0769,5962633556434366,Visa
CUST000770,Lila,Bains,Other,24,Dubai,Dubai,UAE,1003511.93,Gold,2019-04-23,65,50175.6,150526.79,Dubai,UAE,DEV0770,4069556076761641,RuPay
CUST000771,Harini,Peri,Female,61,Chennai,Tamil Nadu,India,359552.08,Regular,2026-04-22,66,7191.04,28764.17,Chennai,India,DEV0771,4989830650312190,RuPay
CUST000772,George,Saxena,Male,27,Chennai,Tamil Nadu,India,440549.33,Regular,2018-08-12,59,8810.99,35243.95,Chennai,India,DEV0772,5642364281319097,Amex
CUST000773,Raagini,Nadkarni,Female,68,Bengaluru,Karnataka,India,775023.67,Regular,2020-03-12,39,15500.47,62001.89,Bengaluru,India,DEV0773,4391114281785223,Mastercard
CUST000774,Arin,Raval,Male,21,Kolkata,West Bengal,India,6714922.97,Platinum,2021-08-26,59,537193.84,1477283.05,Kolkata,India,DEV0774,5808806220722393,Amex
CUST000775,Darsh,Sood,Male,66,Ahmedabad,Gujarat,India,321419.52,Regular,2025-09-07,35,6428.39,25713.56,Ahmedabad,India,DEV0775,5329016204787686,Amex
CUST000776,Falguni,Shenoy,Other,55,Kolkata,West Bengal,India,1823955.01,Gold,2023-08-15,38,91197.75,273593.25,Kolkata,India,DEV0776,5648628720319547,Amex
CUST000777,Anusha,Prabhu,Female,52,Chennai,Tamil Nadu,India,454454.37,Regular,2022-07-01,15,9089.09,36356.35,Chennai,India,DEV0777,5303627924632030,Amex
CUST000778,Forum,Bahri,Female,38,Ahmedabad,Gujarat,India,1494507.39,Gold,2022-07-27,42,74725.37,224176.11,Ahmedabad,India,DEV0778,4372603214505766,RuPay
CUST000779,Jyoti,Oza,Female,65,Ahmedabad,Gujarat,India,887882.35,Regular,2019-10-17,36,17757.65,71030.59,Ahmedabad,India,DEV0779,4715534820128404,RuPay
CUST000780,Gaurav,Chacko,Male,72,New York,New York,United States,769032.26,Regular,2023-01-28,11,15380.65,61522.58,New York,United States,DEV0780,4759545089177688,Mastercard
CUST000781,Manya,Chokshi,Female,20,Kolkata,West Bengal,India,1603778.34,Gold,2019-10-09,34,80188.92,240566.75,Kolkata,India,DEV0781,4422319646300407,Amex
CUST000782,Qushi,Thaman,Other,36,Hyderabad,Telangana,India,786849.38,Regular,2019-08-23,33,15736.99,62947.95,Hyderabad,India,DEV0782,4268943012047134,Amex
CUST000783,Matthew,Deshmukh,Male,53,Mumbai,Maharashtra,India,2198703.65,Gold,2026-03-13,67,109935.18,329805.55,Mumbai,India,DEV0783,4595749885582984,Mastercard
CUST000784,Anthony,Varty,Male,49,Pune,Maharashtra,India,463299.86,Regular,2021-10-09,51,9266.0,37063.99,Pune,India,DEV0784,4847609441283330,Visa
CUST000785,Xiti,Mallick,Other,60,Kolkata,West Bengal,India,509902.96,Regular,2018-12-27,35,10198.06,40792.24,Kolkata,India,DEV0785,5954132971506666,Amex
CUST000786,Hardik,Sabharwal,Male,38,Kolkata,West Bengal,India,1913792.41,Corporate,2024-12-20,39,191379.24,574137.72,Kolkata,India,DEV0786,5377693663439256,Amex
CUST000787,Pratyush,Sabharwal,Male,53,Mumbai,Maharashtra,India,767526.29,Regular,2020-07-07,35,15350.53,61402.1,Mumbai,India,DEV0787,5028671200720241,Visa
CUST000788,Gabriel,Narang,Male,18,Bengaluru,Karnataka,India,4315779.56,Platinum,2025-03-02,31,345262.37,949471.5,Bengaluru,India,DEV0788,4091090326714949,RuPay
CUST000789,Tristan,Nagy,Male,49,Mumbai,Maharashtra,India,804057.04,Regular,2021-04-08,15,16081.14,64324.56,Mumbai,India,DEV0789,5281793406527755,RuPay
CUST000790,Meghana,Bath,Other,69,New York,New York,United States,854823.11,Regular,2022-12-13,32,17096.46,68385.85,New York,United States,DEV0790,4453372201091216,Mastercard
CUST000791,Hiral,Brahmbhatt,Other,65,Mumbai,Maharashtra,India,466273.34,Regular,2024-12-29,21,9325.47,37301.87,Mumbai,India,DEV0791,5593766189437052,Mastercard
CUST000792,Urvi,Vaidya,Female,47,Mumbai,Maharashtra,India,796728.88,Regular,2019-05-05,12,15934.58,63738.31,Mumbai,India,DEV0792,4462776572565924,RuPay
CUST000793,Alka,Gaba,Female,65,Mumbai,Maharashtra,India,892439.75,Regular,2023-03-25,44,17848.79,71395.18,Mumbai,India,DEV0793,5202389743260053,RuPay
CUST000794,Tristan,Gade,Male,49,Mumbai,Maharashtra,India,785810.63,Regular,2024-01-19,42,15716.21,62864.85,Mumbai,India,DEV0794,4833258486899932,Amex
CUST000795,Nisha,Kata,Other,68,Chennai,Tamil Nadu,India,741252.83,Regular,2018-11-02,5,14825.06,59300.23,Chennai,India,DEV0795,4045069176799351,Amex
CUST000796,Ati,Sami,Female,55,Chennai,Tamil Nadu,India,7186905.98,Platinum,2026-07-14,32,574952.48,1581119.32,Chennai,India,DEV0796,4394640830373605,Visa
CUST000797,Riya,Maharaj,Female,29,Pune,Maharashtra,India,814554.85,Regular,2022-02-06,52,16291.1,65164.39,Pune,India,DEV0797,4490793884136852,Visa
CUST000798,Osha,Madan,Other,31,Pune,Maharashtra,India,670447.94,Regular,2025-07-16,54,13408.96,53635.83,Pune,India,DEV0798,5701242446263254,RuPay
CUST000799,Chakrika,Biswas,Other,34,Mumbai,Maharashtra,India,351119.6,Regular,2022-07-22,53,7022.39,28089.57,Mumbai,India,DEV0799,5103142175188787,RuPay
CUST000800,Fitan,Bhargava,Male,74,Singapore,Singapore,Singapore,1465184.26,Gold,2024-07-27,35,73259.21,219777.64,Singapore,Singapore,DEV0800,5638409112252882,RuPay
CUST000801,Patrick,Sura,Male,74,Kolkata,West Bengal,India,6859659.24,Platinum,2019-09-15,19,548772.74,1509125.03,Kolkata,India,DEV0801,5618632397913783,RuPay
CUST000802,Hemal,Goda,Other,35,Kolkata,West Bengal,India,277277.01,Regular,2023-09-09,15,5545.54,22182.16,Kolkata,India,DEV0802,4730950556057127,Mastercard
CUST000803,Priya,Krishnan,Female,30,Ahmedabad,Gujarat,India,608542.97,Regular,2020-01-13,41,12170.86,48683.44,Ahmedabad,India,DEV0803,5519053486401042,Amex
CUST000804,Owen,Panchal,Male,68,Chennai,Tamil Nadu,India,517819.39,Regular,2023-07-30,41,10356.39,41425.55,Chennai,India,DEV0804,4185174460045213,RuPay
CUST000805,Anay,Behl,Male,69,Mumbai,Maharashtra,India,4187995.73,Corporate,2019-09-26,58,418799.57,1256398.72,Mumbai,India,DEV0805,5512939130448812,RuPay
CUST000806,Rudra,Bhatti,Male,32,Pune,Maharashtra,India,965179.89,Gold,2024-06-13,54,48258.99,144776.98,Pune,India,DEV0806,5615402119017076,Visa
CUST000807,Rajata,Jhaveri,Female,54,Bengaluru,Karnataka,India,614773.81,Regular,2023-01-29,32,12295.48,49181.9,Bengaluru,India,DEV0807,4315229107322837,RuPay
CUST000808,Vedhika,Mistry,Other,49,Hyderabad,Telangana,India,404642.61,Regular,2020-10-05,12,8092.85,32371.41,Hyderabad,India,DEV0808,4639638452696940,Visa
CUST000809,Rachana,Sachar,Other,36,Pune,Maharashtra,India,643416.35,Regular,2020-03-06,29,12868.33,51473.31,Pune,India,DEV0809,4016934292913208,Visa
CUST000810,Alka,Raghavan,Other,23,London,England,United Kingdom,1112739.31,Gold,2019-06-16,38,55636.97,166910.9,London,United Kingdom,DEV0810,4341903106153725,RuPay
CUST000811,Bhavya,Saraf,Female,68,Pune,Maharashtra,India,587262.86,Regular,2022-08-07,31,11745.26,46981.03,Pune,India,DEV0811,4473236533774602,Amex
CUST000812,Pahal,Bobal,Female,40,Bengaluru,Karnataka,India,827808.85,Regular,2024-09-06,24,16556.18,66224.71,Bengaluru,India,DEV0812,4078436142442609,Amex
CUST000813,Chanchal,Raval,Female,59,Chennai,Tamil Nadu,India,1618948.92,Gold,2021-08-13,39,80947.45,242842.34,Chennai,India,DEV0813,4476427372037637,Visa
CUST000814,Ekani,Kari,Female,32,Kolkata,West Bengal,India,698440.1,Regular,2019-07-11,25,13968.8,55875.21,Kolkata,India,DEV0814,4484601913443898,Amex
CUST000815,Lajita,Ghose,Other,70,Delhi,Delhi,India,262720.53,Regular,2020-10-18,23,5254.41,21017.64,Delhi,India,DEV0815,5869507321464493,RuPay
CUST000816,Kalpit,Rajan,Male,74,Pune,Maharashtra,India,377574.68,Regular,2022-08-01,40,7551.49,30205.97,Pune,India,DEV0816,4350557385736801,Mastercard
CUST000817,Abdul,Chaudhuri,Male,19,Pune,Maharashtra,India,3627276.43,Platinum,2020-07-24,27,290182.11,798000.82,Pune,India,DEV0817,5681187233351045,Visa
CUST000818,Ishanvi,Merchant,Female,39,Ahmedabad,Gujarat,India,3014156.27,Platinum,2019-09-09,39,241132.5,663114.38,Ahmedabad,India,DEV0818,4391149830748204,Amex
CUST000819,Anamika,Bal,Female,63,Mumbai,Maharashtra,India,628871.49,Regular,2026-01-12,39,12577.43,50309.72,Mumbai,India,DEV0819,4940655782019049,Mastercard
CUST000820,Theodore,Karnik,Male,34,London,England,United Kingdom,1213369.69,Gold,2019-01-25,14,60668.48,182005.45,London,United Kingdom,DEV0820,5332470739201352,Mastercard
CUST000821,Ucchal,Thakur,Other,18,Mumbai,Maharashtra,India,3374878.79,Platinum,2026-05-18,26,269990.3,742473.33,Mumbai,India,DEV0821,4602508261123122,Amex
CUST000822,Qadim,Sheth,Male,52,Bengaluru,Karnataka,India,588170.21,Regular,2024-12-30,60,11763.4,47053.62,Bengaluru,India,DEV0822,5889957298937627,RuPay
CUST000823,Zinal,Oommen,Female,43,Chennai,Tamil Nadu,India,2381940.98,Gold,2018-09-29,14,119097.05,357291.15,Chennai,India,DEV0823,5036468719120380,Amex
CUST000824,Bina,Kulkarni,Other,67,Bengaluru,Karnataka,India,366865.19,Regular,2023-08-29,5,7337.3,29349.21,Bengaluru,India,DEV0824,4323089813881587,RuPay
CUST000825,Yachana,Zacharia,Female,40,Kolkata,West Bengal,India,788271.57,Regular,2021-09-06,5,15765.43,63061.73,Kolkata,India,DEV0825,5067323182971684,Amex
CUST000826,Wyatt,Mohan,Male,40,Chennai,Tamil Nadu,India,2681885.21,Corporate,2024-05-02,35,268188.52,804565.56,Chennai,India,DEV0826,5000001529113710,Visa
CUST000827,Rachita,Khurana,Other,59,Delhi,Delhi,India,2481444.65,Gold,2019-06-12,35,124072.23,372216.7,Delhi,India,DEV0827,5561844421829986,Amex
CUST000828,Raagini,Shanker,Other,35,Mumbai,Maharashtra,India,785832.07,Regular,2022-09-13,32,15716.64,62866.57,Mumbai,India,DEV0828,4489056708670092,RuPay
CUST000829,Zayan,Agarwal,Male,25,Pune,Maharashtra,India,471967.94,Regular,2024-11-12,56,9439.36,37757.44,Pune,India,DEV0829,5584826691362482,RuPay
CUST000830,Xiti,Varma,Other,28,London,England,United Kingdom,784025.84,Regular,2022-11-02,5,15680.52,62722.07,London,United Kingdom,DEV0830,5960807063369981,Visa
CUST000831,Ati,Khosla,Other,31,Bengaluru,Karnataka,India,289462.65,Regular,2024-04-27,42,5789.25,23157.01,Bengaluru,India,DEV0831,4016481880442877,Mastercard
CUST000832,Pooja,Chowdhury,Female,18,Hyderabad,Telangana,India,291707.85,Regular,2020-05-18,63,5834.16,23336.63,Hyderabad,India,DEV0832,4432126942894645,Mastercard
CUST000833,Jalsa,Cheema,Female,58,Bengaluru,Karnataka,India,721398.56,Regular,2019-03-10,14,14427.97,57711.88,Bengaluru,India,DEV0833,5863144170646255,Visa
CUST000834,Jatin,Kala,Male,59,Pune,Maharashtra,India,2053798.6,Gold,2022-11-28,28,102689.93,308069.79,Pune,India,DEV0834,4558243017646442,Mastercard
CUST000835,Alka,Sampath,Other,52,Mumbai,Maharashtra,India,611458.71,Regular,2026-02-04,21,12229.17,48916.7,Mumbai,India,DEV0835,4882452790504043,Mastercard
CUST000836,Vincent,Bal,Male,71,Kolkata,West Bengal,India,592038.14,Regular,2019-01-11,18,11840.76,47363.05,Kolkata,India,DEV0836,4951632111978713,Mastercard
CUST000837,Manan,Bhatnagar,Male,57,Mumbai,Maharashtra,India,1216784.24,Gold,2018-10-19,29,60839.21,182517.64,Mumbai,India,DEV0837,4326530601198751,Amex
CUST000838,Vedika,Kata,Other,60,Pune,Maharashtra,India,2052457.71,Gold,2024-10-20,60,102622.89,307868.66,Pune,India,DEV0838,4800230091561822,Mastercard
CUST000839,Aadhya,Bhagat,Other,51,Pune,Maharashtra,India,663941.73,Regular,2021-01-03,68,13278.83,53115.34,Pune,India,DEV0839,4744916093659528,RuPay
CUST000840,Kritika,Cheema,Other,45,London,England,United Kingdom,7289628.78,Platinum,2023-08-22,28,583170.3,1603718.33,London,United Kingdom,DEV0840,4941843368750924,Mastercard
CUST000841,Varsha,Kant,Other,39,Bengaluru,Karnataka,India,3622989.17,Corporate,2023-10-05,69,362298.92,1086896.75,Bengaluru,India,DEV0841,5821374556114042,Visa
CUST000842,Yutika,Handa,Female,35,Delhi,Delhi,India,1439986.9,Gold,2025-06-10,35,71999.34,215998.03,Delhi,India,DEV0842,4766608112600309,RuPay
CUST000843,Hema,Das,Female,43,Pune,Maharashtra,India,2986088.61,Platinum,2024-02-05,66,238887.09,656939.49,Pune,India,DEV0843,4062715312345504,Amex
CUST000844,Oviya,Jhaveri,Other,61,Mumbai,Maharashtra,India,800830.62,Regular,2025-09-22,33,16016.61,64066.45,Mumbai,India,DEV0844,5682938440134807,Mastercard
CUST000845,Indira,Atwal,Female,52,Chennai,Tamil Nadu,India,810841.89,Regular,2019-04-14,37,16216.84,64867.35,Chennai,India,DEV0845,4882603359101578,RuPay
CUST000846,Zarna,Raju,Other,26,Mumbai,Maharashtra,India,4071704.28,Platinum,2024-11-29,41,325736.34,895774.94,Mumbai,India,DEV0846,5207492699969964,Visa
CUST000847,Hema,Nair,Other,74,Chennai,Tamil Nadu,India,759294.99,Regular,2026-08-06,92,15185.9,60743.6,Chennai,India,DEV0847,4969325914084993,Mastercard
CUST000848,Rudra,Padmanabhan,Male,53,Bengaluru,Karnataka,India,6938925.78,Platinum,2022-01-16,50,555114.06,1526563.67,Bengaluru,India,DEV0848,4342669806908720,Amex
CUST000849,Wishi,Lata,Female,25,Delhi,Delhi,India,1178263.4,Gold,2022-12-30,22,58913.17,176739.51,Delhi,India,DEV0849,5348389359538288,Visa
CUST000850,Damini,Khanna,Female,20,New York,New York,United States,3147929.04,Platinum,2025-12-11,52,251834.32,692544.39,New York,United States,DEV0850,4299650826958267,Amex
CUST000851,Devika,Ahuja,Other,30,Pune,Maharashtra,India,659729.34,Regular,2020-05-19,28,13194.59,52778.35,Pune,India,DEV0851,5308761238595142,Amex
CUST000852,Devika,Raval,Other,72,Bengaluru,Karnataka,India,767584.32,Regular,2019-05-24,26,15351.69,61406.75,Bengaluru,India,DEV0852,4484002730086964,Visa
CUST000853,Mohammed,Sunder,Male,42,Pune,Maharashtra,India,298786.88,Regular,2020-11-06,51,5975.74,23902.95,Pune,India,DEV0853,5395001680941492,Visa
CUST000854,Eesha,Kant,Female,52,Pune,Maharashtra,India,2280637.59,Gold,2024-06-08,35,114031.88,342095.64,Pune,India,DEV0854,5839762053440779,Amex
CUST000855,Jai,Sehgal,Male,36,Delhi,Delhi,India,1618440.14,Gold,2023-06-13,40,80922.01,242766.02,Delhi,India,DEV0855,4266292508177606,RuPay
CUST000856,Andrew,Kale,Male,19,Pune,Maharashtra,India,3861213.47,Corporate,2024-10-14,35,386121.35,1158364.04,Pune,India,DEV0856,4413337312552355,Amex
CUST000857,Mekhala,Kulkarni,Other,18,Mumbai,Maharashtra,India,383196.08,Regular,2019-12-25,41,7663.92,30655.69,Mumbai,India,DEV0857,5211920613638522,RuPay
CUST000858,Radha,Balasubramanian,Female,34,Mumbai,Maharashtra,India,540868.08,Regular,2021-01-11,42,10817.36,43269.45,Mumbai,India,DEV0858,4844490295026484,Amex
CUST000859,Waida,Saran,Female,39,Chennai,Tamil Nadu,India,2327776.28,Corporate,2023-12-03,5,232777.63,698332.88,Chennai,India,DEV0859,4341678127782215,Visa
CUST000860,Krisha,Wagle,Female,60,Dubai,Dubai,UAE,375700.51,Regular,2024-03-19,46,7514.01,30056.04,Dubai,UAE,DEV0860,4862985797363830,RuPay
CUST000861,Chasmum,Dhar,Female,38,Delhi,Delhi,India,622076.49,Regular,2019-07-01,17,12441.53,49766.12,Delhi,India,DEV0861,4707986617706734,Visa
CUST000862,Edhitha,Suresh,Female,75,Delhi,Delhi,India,343359.16,Regular,2019-09-30,9,6867.18,27468.73,Delhi,India,DEV0862,5223552165058711,Mastercard
CUST000863,Ishita,Cherian,Other,34,Mumbai,Maharashtra,India,750558.63,Regular,2026-07-17,33,15011.17,60044.69,Mumbai,India,DEV0863,5219259679089843,RuPay
CUST000864,Unnati,Dua,Other,42,Delhi,Delhi,India,1944059.28,Corporate,2026-02-12,36,194405.93,583217.79,Delhi,India,DEV0864,4050938694842493,Visa
CUST000865,Ati,Muni,Female,35,Kolkata,West Bengal,India,604700.05,Regular,2021-10-21,22,12094.0,48376.0,Kolkata,India,DEV0865,4707152386767384,Amex
CUST000866,Anika,Konda,Female,65,Pune,Maharashtra,India,2441637.82,Gold,2024-11-05,49,122081.89,366245.67,Pune,India,DEV0866,4177987682996876,RuPay
CUST000867,Manya,Sagar,Other,53,Hyderabad,Telangana,India,737346.91,Regular,2021-09-27,10,14746.94,58987.75,Hyderabad,India,DEV0867,5858062350405662,Amex
CUST000868,Ekanta,Manda,Other,55,Delhi,Delhi,India,331136.56,Regular,2023-11-13,27,6622.73,26490.92,Delhi,India,DEV0868,5482554428679632,RuPay
CUST000869,Onveer,Bedi,Male,69,Hyderabad,Telangana,India,1112956.65,Gold,2021-02-26,24,55647.83,166943.5,Hyderabad,India,DEV0869,4894633891562410,RuPay
CUST000870,Janya,Dhingra,Other,45,New York,New York,United States,864265.85,Regular,2025-08-19,34,17285.32,69141.27,New York,United States,DEV0870,4629269335895131,Amex
CUST000871,Unnati,Korpal,Female,52,Kolkata,West Bengal,India,669783.54,Regular,2018-09-12,40,13395.67,53582.68,Kolkata,India,DEV0871,4846850957443036,Visa
CUST000872,Jairaj,Zachariah,Male,64,Ahmedabad,Gujarat,India,357129.68,Regular,2022-08-12,16,7142.59,28570.37,Ahmedabad,India,DEV0872,5385934015364152,Visa
CUST000873,Udyati,Sachdeva,Female,18,Kolkata,West Bengal,India,390787.32,Regular,2020-10-13,48,7815.75,31262.99,Kolkata,India,DEV0873,5259367813675004,Mastercard
CUST000874,Ridhi,Grewal,Other,32,Mumbai,Maharashtra,India,750343.6,Regular,2025-06-27,36,15006.87,60027.49,Mumbai,India,DEV0874,4105276981987801,Amex
CUST000875,Farhan,Tara,Male,64,Chennai,Tamil Nadu,India,402756.46,Regular,2021-12-28,5,8055.13,32220.52,Chennai,India,DEV0875,5888562258660598,Amex
CUST000876,Yochana,Rao,Other,34,Ahmedabad,Gujarat,India,810685.24,Regular,2024-02-11,5,16213.7,64854.82,Ahmedabad,India,DEV0876,4275854859655945,RuPay
CUST000877,Yahvi,Natt,Other,59,Mumbai,Maharashtra,India,4343462.6,Corporate,2026-04-22,34,434346.26,1303038.78,Mumbai,India,DEV0877,4650200024539319,Visa
CUST000878,Gautami,Oommen,Female,51,Kolkata,West Bengal,India,253620.31,Regular,2022-01-28,31,5072.41,20289.62,Kolkata,India,DEV0878,5570836821444885,Amex
CUST000879,Aashi,Saini,Other,36,Ahmedabad,Gujarat,India,876011.93,Regular,2019-09-05,33,17520.24,70080.95,Ahmedabad,India,DEV0879,4367746202582541,Mastercard
CUST000880,Naveen,Swaminathan,Male,71,London,England,United Kingdom,1204677.95,Gold,2018-12-29,34,60233.9,180701.69,London,United Kingdom,DEV0880,5123920491060180,RuPay
CUST000881,Meera,Wagle,Female,74,Bengaluru,Karnataka,India,609284.9,Regular,2025-04-08,39,12185.7,48742.79,Bengaluru,India,DEV0881,5508276817225778,RuPay
CUST000882,Lakshmi,Ram,Other,64,Chennai,Tamil Nadu,India,496291.24,Regular,2019-08-09,52,9925.82,39703.3,Chennai,India,DEV0882,4905291876831609,Amex
CUST000883,Anmol,Sura,Male,73,Ahmedabad,Gujarat,India,547158.38,Regular,2023-03-17,15,10943.17,43772.67,Ahmedabad,India,DEV0883,4337399205222990,Amex
CUST000884,Tarak,Mane,Male,62,Mumbai,Maharashtra,India,2179044.74,Gold,2023-09-18,13,108952.24,326856.71,Mumbai,India,DEV0884,5914388232553982,RuPay
CUST000885,Veda,Mangat,Female,21,Pune,Maharashtra,India,721110.94,Regular,2020-03-31,15,14422.22,57688.88,Pune,India,DEV0885,4773264309544971,Mastercard
CUST000886,Pooja,Varkey,Female,47,Ahmedabad,Gujarat,India,621178.09,Regular,2023-01-16,40,12423.56,49694.25,Ahmedabad,India,DEV0886,4712053978713757,Mastercard
CUST000887,Kiaan,Bhandari,Male,49,Delhi,Delhi,India,6640119.4,Platinum,2026-07-06,57,531209.55,1460826.27,Delhi,India,DEV0887,5125608320048798,RuPay
CUST000888,Vasudha,Modi,Other,37,Hyderabad,Telangana,India,2055271.17,Gold,2021-11-23,27,102763.56,308290.68,Hyderabad,India,DEV0888,4585238600304439,RuPay
CUST000889,Kevin,Seth,Male,74,Ahmedabad,Gujarat,India,792869.65,Regular,2023-09-06,5,15857.39,63429.57,Ahmedabad,India,DEV0889,5239102929501439,Mastercard
CUST000890,Dev,Gulati,Male,56,Dubai,Dubai,UAE,3517922.11,Corporate,2023-09-15,5,351792.21,1055376.63,Dubai,UAE,DEV0890,4713971912602212,Visa
CUST000891,Vedika,Balasubramanian,Other,74,Ahmedabad,Gujarat,India,739228.91,Regular,2020-12-02,20,14784.58,59138.31,Ahmedabad,India,DEV0891,4201911166122019,Amex
CUST000892,Timothy,Srinivasan,Male,66,Kolkata,West Bengal,India,2380849.05,Gold,2025-10-11,24,119042.45,357127.36,Kolkata,India,DEV0892,4733930493665386,Amex
CUST000893,Ishita,Bose,Other,36,Chennai,Tamil Nadu,India,1065807.31,Gold,2023-01-17,27,53290.37,159871.1,Chennai,India,DEV0893,4421140868250958,RuPay
CUST000894,Ridhi,Sahota,Female,52,Bengaluru,Karnataka,India,785104.82,Regular,2022-07-06,35,15702.1,62808.39,Bengaluru,India,DEV0894,4355610399529709,Amex
CUST000895,Krish,Prashad,Male,70,Bengaluru,Karnataka,India,525510.38,Regular,2023-03-22,29,10510.21,42040.83,Bengaluru,India,DEV0895,5585856423041201,Visa
CUST000896,Jeevika,Dass,Female,72,Mumbai,Maharashtra,India,355270.01,Regular,2022-01-07,53,7105.4,28421.6,Mumbai,India,DEV0896,5387402990716695,Mastercard
CUST000897,Kiaan,Choudhury,Male,33,Bengaluru,Karnataka,India,5420759.6,Platinum,2021-05-28,22,433660.77,1192567.11,Bengaluru,India,DEV0897,5155420340301096,Amex
CUST000898,Ojasvi,Venkatesh,Other,74,Ahmedabad,Gujarat,India,830477.65,Regular,2019-03-25,19,16609.55,66438.21,Ahmedabad,India,DEV0898,4491579554623476,RuPay
CUST000899,Anusha,Uppal,Female,54,Pune,Maharashtra,India,278680.34,Regular,2023-05-25,43,5573.61,22294.43,Pune,India,DEV0899,5018103068317641,Mastercard
CUST000900,Neha,Dugar,Female,54,London,England,United Kingdom,585953.75,Regular,2021-01-05,7,11719.08,46876.3,London,United Kingdom,DEV0900,5571290150713808,Visa
CUST000901,Faris,Narain,Male,65,Delhi,Delhi,India,398972.85,Regular,2024-07-08,42,7979.46,31917.83,Delhi,India,DEV0901,5104584743621307,Mastercard
CUST000902,Eesha,Balakrishnan,Female,71,Kolkata,West Bengal,India,707215.04,Regular,2020-11-25,36,14144.3,56577.2,Kolkata,India,DEV0902,5947031805339629,Amex
CUST000903,Dhriti,Nagi,Female,52,Pune,Maharashtra,India,2934133.77,Platinum,2025-10-25,32,234730.7,645509.43,Pune,India,DEV0903,5918327000466617,Visa
CUST000904,Luke,Dyal,Male,29,Mumbai,Maharashtra,India,632534.29,Regular,2024-03-13,63,12650.69,50602.74,Mumbai,India,DEV0904,5714004938819492,Mastercard
CUST000905,Daksha,Raju,Other,38,Mumbai,Maharashtra,India,361878.37,Regular,2019-06-17,23,7237.57,28950.27,Mumbai,India,DEV0905,4499809497698730,Amex
CUST000906,Amara,Kothari,Other,71,Ahmedabad,Gujarat,India,2201864.49,Gold,2023-10-16,72,110093.22,330279.67,Ahmedabad,India,DEV0906,5698416612374077,Mastercard
CUST000907,Jatin,Konda,Male,22,Bengaluru,Karnataka,India,1599029.92,Gold,2024-02-09,30,79951.5,239854.49,Bengaluru,India,DEV0907,4389949919701420,Visa
CUST000908,Saksham,Balay,Male,58,Ahmedabad,Gujarat,India,549482.17,Regular,2022-03-23,12,10989.64,43958.57,Ahmedabad,India,DEV0908,5821160204181358,Mastercard
CUST000909,Jagdish,Chada,Male,35,Mumbai,Maharashtra,India,4868817.3,Corporate,2019-05-08,36,486881.73,1460645.19,Mumbai,India,DEV0909,5889480186448221,RuPay
CUST000910,Bhavani,Deep,Other,25,Dubai,Dubai,UAE,536229.84,Regular,2024-08-31,15,10724.6,42898.39,Dubai,UAE,DEV0910,4857082004806758,Mastercard
CUST000911,Girindra,Choudhury,Male,56,Pune,Maharashtra,India,444711.19,Regular,2020-12-23,21,8894.22,35576.89,Pune,India,DEV0911,5611287942968827,Amex
CUST000912,Pavani,Kara,Other,65,Delhi,Delhi,India,632747.09,Regular,2023-09-10,42,12654.94,50619.77,Delhi,India,DEV0912,5314196156078323,Mastercard
CUST000913,Madhavi,Kunda,Female,44,Pune,Maharashtra,India,756369.95,Regular,2025-07-25,45,15127.4,60509.6,Pune,India,DEV0913,5796240964966837,Visa
CUST000914,Eiravati,Vaidya,Female,64,Ahmedabad,Gujarat,India,348598.11,Regular,2024-04-03,23,6971.96,27887.85,Ahmedabad,India,DEV0914,4702851622593644,Visa
CUST000915,Hemal,Talwar,Other,46,Hyderabad,Telangana,India,510084.85,Regular,2021-08-31,52,10201.7,40806.79,Hyderabad,India,DEV0915,5839062467287998,Visa
CUST000916,Eshana,Modi,Other,48,Mumbai,Maharashtra,India,298004.48,Regular,2021-05-16,55,5960.09,23840.36,Mumbai,India,DEV0916,4193592361337600,Mastercard
CUST000917,Max,Bhandari,Male,64,Chennai,Tamil Nadu,India,582178.32,Regular,2019-02-24,60,11643.57,46574.27,Chennai,India,DEV0917,4650254472419169,Mastercard
CUST000918,Prisha,Dayal,Other,39,Chennai,Tamil Nadu,India,762003.68,Regular,2021-08-14,44,15240.07,60960.29,Chennai,India,DEV0918,4661771824989803,Amex
CUST000919,Pooja,Rege,Female,54,Bengaluru,Karnataka,India,301752.65,Regular,2024-11-20,59,6035.05,24140.21,Bengaluru,India,DEV0919,4468135926648695,Amex
CUST000920,Chaitaly,Mishra,Other,65,New York,New York,United States,579370.07,Regular,2026-04-18,5,11587.4,46349.61,New York,United States,DEV0920,4941559450119298,Amex
CUST000921,Janani,Badal,Female,69,Hyderabad,Telangana,India,1510383.85,Gold,2019-02-26,29,75519.19,226557.58,Hyderabad,India,DEV0921,5051171603988632,Mastercard
CUST000922,Vasatika,Gola,Female,20,Bengaluru,Karnataka,India,626524.75,Regular,2023-08-27,19,12530.5,50121.98,Bengaluru,India,DEV0922,5559067000994240,Mastercard
CUST000923,Xavier,Kumer,Male,43,Chennai,Tamil Nadu,India,4995240.04,Corporate,2022-11-07,37,499524.0,1498572.01,Chennai,India,DEV0923,5489667605642040,RuPay
CUST000924,Kala,Lall,Female,46,Ahmedabad,Gujarat,India,830101.35,Regular,2021-10-31,24,16602.03,66408.11,Ahmedabad,India,DEV0924,5974533890623543,Mastercard
CUST000925,Wishi,Choudhry,Other,24,Bengaluru,Karnataka,India,1438411.73,Gold,2020-10-23,32,71920.59,215761.76,Bengaluru,India,DEV0925,4401659953006228,Mastercard
CUST000926,Eta,Upadhyay,Female,45,Bengaluru,Karnataka,India,4293671.65,Corporate,2023-12-11,68,429367.17,1288101.5,Bengaluru,India,DEV0926,4677462591601129,Visa
CUST000927,Gayathri,Gupta,Female,58,Chennai,Tamil Nadu,India,586095.18,Regular,2022-10-19,31,11721.9,46887.61,Chennai,India,DEV0927,4600801798677826,Mastercard
CUST000928,Nilima,Lanka,Other,20,Kolkata,West Bengal,India,760635.76,Regular,2022-03-31,42,15212.72,60850.86,Kolkata,India,DEV0928,5047264261212036,Mastercard
CUST000929,Chameli,Prakash,Other,33,Ahmedabad,Gujarat,India,529554.42,Regular,2023-01-27,30,10591.09,42364.35,Ahmedabad,India,DEV0929,4968078525482424,RuPay
CUST000930,Yahvi,Patla,Female,61,Singapore,Singapore,Singapore,2467917.22,Gold,2025-04-09,36,123395.86,370187.58,Singapore,Singapore,DEV0930,4400644547523115,Mastercard
CUST000931,Priya,Jha,Other,69,Ahmedabad,Gujarat,India,599223.49,Regular,2023-08-13,35,11984.47,47937.88,Ahmedabad,India,DEV0931,5791776334272032,Mastercard
CUST000932,Ekansh,Cheema,Male,33,Ahmedabad,Gujarat,India,258200.13,Regular,2022-12-21,43,5164.0,20656.01,Ahmedabad,India,DEV0932,4801963045306936,RuPay
CUST000933,Yauvani,Taneja,Other,74,Hyderabad,Telangana,India,399186.95,Regular,2024-10-19,55,7983.74,31934.96,Hyderabad,India,DEV0933,4400181677848162,RuPay
CUST000934,Lajita,Bir,Female,74,Chennai,Tamil Nadu,India,4844290.27,Corporate,2025-02-10,64,484429.03,1453287.08,Chennai,India,DEV0934,4446083851799379,Visa
CUST000935,Leena,Lall,Other,54,Kolkata,West Bengal,India,637241.67,Regular,2019-05-23,40,12744.83,50979.33,Kolkata,India,DEV0935,4287884869996987,Visa
CUST000936,Sanaya,Krishnan,Female,32,Kolkata,West Bengal,India,707000.42,Regular,2021-10-24,45,14140.01,56560.03,Kolkata,India,DEV0936,5714724630198645,Mastercard
CUST000937,Kalpit,Upadhyay,Male,67,Hyderabad,Telangana,India,355777.12,Regular,2019-04-11,14,7115.54,28462.17,Hyderabad,India,DEV0937,4339121870629321,Mastercard
CUST000938,Darsh,Sura,Male,18,Bengaluru,Karnataka,India,780539.32,Regular,2019-12-18,33,15610.79,62443.15,Bengaluru,India,DEV0938,5023200186766104,Amex
CUST000939,Faris,Chaudhry,Male,28,Delhi,Delhi,India,781589.41,Regular,2023-01-31,51,15631.79,62527.15,Delhi,India,DEV0939,5356140384531981,RuPay
CUST000940,Ekta,Sahni,Female,40,Dubai,Dubai,UAE,451064.51,Regular,2025-05-24,50,9021.29,36085.16,Dubai,UAE,DEV0940,5951003076205456,Amex
CUST000941,Ethan,Patel,Male,51,Kolkata,West Bengal,India,697870.55,Regular,2023-12-19,38,13957.41,55829.64,Kolkata,India,DEV0941,4666641106541135,Amex
CUST000942,Jagvi,Varty,Other,44,Kolkata,West Bengal,India,649177.03,Regular,2022-06-11,50,12983.54,51934.16,Kolkata,India,DEV0942,5949708905836687,Mastercard
CUST000943,Yoshita,Jhaveri,Female,32,Pune,Maharashtra,India,644506.61,Regular,2020-04-23,43,12890.13,51560.53,Pune,India,DEV0943,5083868889178790,Visa
CUST000944,Watika,Natarajan,Female,70,Pune,Maharashtra,India,544797.29,Regular,2023-08-31,56,10895.95,43583.78,Pune,India,DEV0944,4197609320126578,Amex
CUST000945,Vedant,Tara,Male,48,Chennai,Tamil Nadu,India,3436536.07,Corporate,2019-11-27,40,343653.61,1030960.82,Chennai,India,DEV0945,4095217558517776,Mastercard
CUST000946,Ishanvi,Keer,Female,27,Chennai,Tamil Nadu,India,370170.84,Regular,2022-07-17,28,7403.42,29613.67,Chennai,India,DEV0946,4118824199626424,Amex
CUST000947,Zansi,Kant,Female,74,Mumbai,Maharashtra,India,777255.79,Regular,2021-11-27,41,15545.12,62180.46,Mumbai,India,DEV0947,4454218545705684,Mastercard
CUST000948,Manbir,Lata,Male,44,Kolkata,West Bengal,India,250039.56,Regular,2023-10-22,5,5000.79,20003.17,Kolkata,India,DEV0948,5900163564072329,Mastercard
CUST000949,Yasti,Saraf,Other,24,Bengaluru,Karnataka,India,3638592.9,Corporate,2020-05-20,41,363859.29,1091577.87,Bengaluru,India,DEV0949,4400178822473125,Amex
CUST000950,Omaja,Ahluwalia,Other,38,Singapore,Singapore,Singapore,292842.21,Regular,2026-06-28,5,5856.84,23427.38,Singapore,Singapore,DEV0950,5580119509271159,Visa
CUST000951,Anusha,Gara,Other,36,Delhi,Delhi,India,1263860.43,Gold,2024-12-01,5,63193.02,189579.06,Delhi,India,DEV0951,5709230071695004,Visa
CUST000952,Krisha,Ray,Other,72,Chennai,Tamil Nadu,India,462698.72,Regular,2021-04-14,43,9253.97,37015.9,Chennai,India,DEV0952,5432987698936524,RuPay
CUST000953,Zaitra,Walia,Female,67,Mumbai,Maharashtra,India,726256.6,Regular,2018-10-15,43,14525.13,58100.53,Mumbai,India,DEV0953,5982734813104507,Amex
CUST000954,Chatura,Balan,Male,35,Bengaluru,Karnataka,India,830061.21,Regular,2022-08-27,14,16601.22,66404.9,Bengaluru,India,DEV0954,4357483526806480,Amex
CUST000955,Bhavya,Rajagopalan,Female,62,Hyderabad,Telangana,India,392369.11,Regular,2026-08-08,22,7847.38,31389.53,Hyderabad,India,DEV0955,4448838425364629,RuPay
CUST000956,Upasna,Sahni,Female,31,Delhi,Delhi,India,538816.78,Regular,2024-08-07,59,10776.34,43105.34,Delhi,India,DEV0956,4406579551562393,Visa
CUST000957,Eshana,Shah,Other,60,Kolkata,West Bengal,India,2635933.57,Corporate,2024-12-05,26,263593.36,790780.07,Kolkata,India,DEV0957,4074091311178614,Mastercard
CUST000958,Nikita,Kata,Female,53,Chennai,Tamil Nadu,India,1612296.34,Gold,2023-04-25,75,80614.82,241844.45,Chennai,India,DEV0958,4602206953541203,Mastercard
CUST000959,Chameli,Chanda,Female,63,Kolkata,West Bengal,India,2340156.49,Gold,2019-05-18,34,117007.82,351023.47,Kolkata,India,DEV0959,5500260151532597,RuPay
CUST000960,Logan,Kalla,Male,51,New York,New York,United States,871310.07,Regular,2023-05-09,42,17426.2,69704.81,New York,United States,DEV0960,4717327980595032,Visa
CUST000961,Barkha,Yohannan,Female,18,Chennai,Tamil Nadu,India,3677142.44,Corporate,2024-02-19,64,367714.24,1103142.73,Chennai,India,DEV0961,5403910452036083,Visa
CUST000962,Ishwar,Chana,Male,50,Chennai,Tamil Nadu,India,2355771.65,Gold,2020-11-27,37,117788.58,353365.75,Chennai,India,DEV0962,5359928553595209,Visa
CUST000963,Naksh,Nanda,Male,47,Delhi,Delhi,India,566480.3,Regular,2023-02-14,16,11329.61,45318.42,Delhi,India,DEV0963,4900696801867740,Amex
CUST000964,Chanchal,Manda,Other,31,Chennai,Tamil Nadu,India,1100490.22,Gold,2025-01-15,33,55024.51,165073.53,Chennai,India,DEV0964,5339449530067761,RuPay
CUST000965,Samaksh,Sha,Male,29,Hyderabad,Telangana,India,476160.25,Regular,2026-03-25,34,9523.21,38092.82,Hyderabad,India,DEV0965,4017365426241782,Visa
CUST000966,Aadhya,Sagar,Other,24,Bengaluru,Karnataka,India,1816291.47,Gold,2023-07-18,10,90814.57,272443.72,Bengaluru,India,DEV0966,4233451100906055,Amex
CUST000967,Vasana,Ramakrishnan,Other,33,Chennai,Tamil Nadu,India,348453.43,Regular,2023-02-19,30,6969.07,27876.27,Chennai,India,DEV0967,5116673290457590,RuPay
CUST000968,Radha,Pillay,Other,38,Bengaluru,Karnataka,India,635722.41,Regular,2025-05-26,21,12714.45,50857.79,Bengaluru,India,DEV0968,4964260336202752,Visa
CUST000969,Idika,Hegde,Female,61,Ahmedabad,Gujarat,India,4614748.46,Corporate,2020-03-11,51,461474.85,1384424.54,Ahmedabad,India,DEV0969,4920711523802364,Mastercard
CUST000970,Jairaj,Saraf,Male,20,Singapore,Singapore,Singapore,3335515.24,Corporate,2025-05-18,35,333551.52,1000654.57,Singapore,Singapore,DEV0970,5189705916118634,RuPay
CUST000971,Ishani,Issac,Other,60,Mumbai,Maharashtra,India,2309159.29,Gold,2021-08-18,29,115457.96,346373.89,Mumbai,India,DEV0971,4977216880053783,Visa
CUST000972,Aishani,Vasa,Other,18,Pune,Maharashtra,India,1147317.13,Gold,2024-09-30,33,57365.86,172097.57,Pune,India,DEV0972,4972845401822724,Mastercard
CUST000973,Bhavani,Maharaj,Other,40,Hyderabad,Telangana,India,1758647.32,Gold,2022-03-07,39,87932.37,263797.1,Hyderabad,India,DEV0973,5322041447432817,RuPay
CUST000974,Ira,Dhingra,Other,64,Hyderabad,Telangana,India,1977002.01,Gold,2022-09-22,46,98850.1,296550.3,Hyderabad,India,DEV0974,4020304232277529,RuPay
CUST000975,Chakrika,Dass,Other,33,Hyderabad,Telangana,India,754949.96,Regular,2020-01-22,17,15099.0,60396.0,Hyderabad,India,DEV0975,5281650646300591,Amex
CUST000976,Madhavi,Walla,Female,58,Kolkata,West Bengal,India,629965.43,Regular,2024-06-21,16,12599.31,50397.23,Kolkata,India,DEV0976,4983210291617465,Mastercard
CUST000977,Arya,Mand,Other,60,Hyderabad,Telangana,India,760352.83,Regular,2022-06-16,54,15207.06,60828.23,Hyderabad,India,DEV0977,5438419662291310,Visa
CUST000978,Falak,Chander,Other,41,Delhi,Delhi,India,612167.03,Regular,2023-06-19,27,12243.34,48973.36,Delhi,India,DEV0978,4566706362198651,RuPay
CUST000979,Zilmil,Murthy,Other,60,Chennai,Tamil Nadu,India,2153156.12,Gold,2025-07-29,9,107657.81,322973.42,Chennai,India,DEV0979,5407663493396508,Mastercard
CUST000980,Mekhala,Mann,Female,51,Dubai,Dubai,UAE,359813.15,Regular,2023-01-10,42,7196.26,28785.05,Dubai,UAE,DEV0980,4261142436258543,Visa
CUST000981,Urvi,Gopal,Other,42,Ahmedabad,Gujarat,India,3579414.9,Corporate,2019-03-30,43,357941.49,1073824.47,Ahmedabad,India,DEV0981,5919623419964330,Mastercard
CUST000982,Avi,Soman,Male,55,Chennai,Tamil Nadu,India,4909379.1,Corporate,2026-03-27,7,490937.91,1472813.73,Chennai,India,DEV0982,5250583334303115,Amex
CUST000983,Vivaan,Verma,Male,36,Kolkata,West Bengal,India,2434766.64,Corporate,2020-11-02,39,243476.66,730429.99,Kolkata,India,DEV0983,5769475769453539,Amex
CUST000984,Geetika,Dass,Female,49,Pune,Maharashtra,India,723286.74,Regular,2018-11-20,48,14465.73,57862.94,Pune,India,DEV0984,5861634212545089,RuPay
CUST000985,Kashish,Lanka,Other,35,Mumbai,Maharashtra,India,3519506.25,Platinum,2025-07-30,41,281560.5,774291.38,Mumbai,India,DEV0985,5692559664721309,Mastercard
CUST000986,Aayush,Dhillon,Male,52,Kolkata,West Bengal,India,1841602.11,Gold,2025-03-03,46,92080.11,276240.32,Kolkata,India,DEV0986,5142614048933264,RuPay
CUST000987,Devika,Chauhan,Female,57,Hyderabad,Telangana,India,989338.46,Gold,2026-05-22,9,49466.92,148400.77,Hyderabad,India,DEV0987,4963731008178527,Visa
CUST000988,Mugdha,Andra,Female,72,Ahmedabad,Gujarat,India,856145.8,Regular,2018-08-24,40,17122.92,68491.66,Ahmedabad,India,DEV0988,5452354268744709,Mastercard
CUST000989,Turvi,Jha,Other,35,Bengaluru,Karnataka,India,7635673.57,Platinum,2026-01-29,29,610853.89,1679848.19,Bengaluru,India,DEV0989,4086523777296651,Mastercard
CUST000990,Anita,Baral,Female,18,London,England,United Kingdom,842167.38,Regular,2022-02-16,26,16843.35,67373.39,London,United Kingdom,DEV0990,4052781055800026,Mastercard
CUST000991,Aarnav,Chauhan,Male,73,Chennai,Tamil Nadu,India,551024.55,Regular,2020-12-17,50,11020.49,44081.96,Chennai,India,DEV0991,4316094391368173,Mastercard
CUST000992,Samaksh,Malhotra,Male,29,Hyderabad,Telangana,India,474811.09,Regular,2025-06-06,61,9496.22,37984.89,Hyderabad,India,DEV0992,4286209297352596,Mastercard
CUST000993,Onkar,Vala,Male,67,Bengaluru,Karnataka,India,700596.25,Regular,2018-11-18,67,14011.93,56047.7,Bengaluru,India,DEV0993,4739389920457356,Mastercard
CUST000994,Madhavi,Hayre,Female,51,Pune,Maharashtra,India,477505.25,Regular,2019-01-03,58,9550.1,38200.42,Pune,India,DEV0994,4076108708269715,Mastercard
CUST000995,Ubika,Kashyap,Female,24,Delhi,Delhi,India,569404.93,Regular,2018-12-03,33,11388.1,45552.39,Delhi,India,DEV0995,5261583882176481,Amex
CUST000996,Timothy,Korpal,Male,31,Kolkata,West Bengal,India,420726.14,Regular,2024-03-03,41,8414.52,33658.09,Kolkata,India,DEV0996,4233222801944256,Mastercard
CUST000997,Abhimanyu,Gola,Male,70,Kolkata,West Bengal,India,495067.51,Regular,2025-10-16,48,9901.35,39605.4,Kolkata,India,DEV0997,5953506373118040,RuPay
CUST000998,Aayush,Chada,Male,66,Hyderabad,Telangana,India,684851.55,Regular,2021-09-25,37,13697.03,54788.12,Hyderabad,India,DEV0998,5384185201362603,Amex
CUST000999,Devansh,Buch,Male,28,Ahmedabad,Gujarat,India,1517786.11,Gold,2024-09-10,37,75889.31,227667.92,Ahmedabad,India,DEV0999,4547055491215164,Visa
CUST001000,Radha,Vaidya,Other,31,Singapore,Singapore,Singapore,426552.47,Regular,2026-01-07,49,8531.05,34124.2,Singapore,Singapore,DEV1000,4919693957875208,Mastercard
